site,date,non.salad,salad,salad.ratio,Total.meals,Product.source,Florida,FTS,Other.Source,FTS.Florida,FTS.Start,White,Black,Hispanic,Asian,Other,Asian.Other,Total,Offerd.BC,Offered.Salad,Offered.Mexican,Offered.Pizza,Offered.Sandwich,Offered.HB,Offered.Italian,Offered.Other,Mandarin,Chef ,Taco,Chicken.Chop,Fajita,Chicken.Tender,Salad.LO ,Chicken.Smacker,Total Students,Free Lunch,Reduced Lunch,Free,Reduced,Paid
Finley,10/26/2015,290,3,0.0102,293,2,0,1,0,1,1,36.6,26.4,19.9,11.9,4.9,16.8,99.7,0,1,0,0,0,1,0,1,0,0,0,1,0,0,0,0,650,246,3,0.378461538,0.004615385,0.616923077
Finley,10/28/2015,326,4,0.0121,330,2,0,1,0,1,1,36.6,26.4,19.9,11.9,4.9,16.8,99.7,0,1,0,0,1,0,0,1,0,0,1,0,0,0,0,0,650,246,3,0.378461538,0.004615385,0.616923077
Finley,10/29/2015,306,48,0.1356,354,2,0,1,0,1,1,36.6,26.4,19.9,11.9,4.9,16.8,99.7,0,1,0,1,1,0,1,0,0,1,0,0,0,0,1,0,650,246,3,0.378461538,0.004615385,0.616923077
Finley,11/2/2015,304,4,0.013,308,2,0,1,0,1,1,36.6,26.4,19.9,11.9,4.9,16.8,99.7,0,1,0,0,0,1,0,1,0,0,0,1,0,0,0,0,650,246,3,0.378461538,0.004615385,0.616923077
Finley,11/4/2015,306,1,0.0033,307,2,0,1,0,1,1,36.6,26.4,19.9,11.9,4.9,16.8,99.7,0,1,1,0,1,1,0,0,0,0,1,0,0,0,0,0,650,246,3,0.378461538,0.004615385,0.616923077
Finley,11/5/2015,308,46,0.1299,354,2,0,1,0,1,1,36.6,26.4,19.9,11.9,4.9,16.8,99.7,0,1,1,1,1,0,1,0,0,1,0,0,0,0,0,0,650,246,3,0.378461538,0.004615385,0.616923077
Finley,11/9/2015,275,2,0.0072,277,2,0,1,0,1,1,36.6,26.4,19.9,11.9,4.9,16.8,99.7,0,1,0,0,1,0,0,1,0,0,0,1,0,0,0,0,650,246,3,0.378461538,0.004615385,0.616923077
Finley,11/13/2015,358,2,0.0056,360,2,0,1,0,1,1,36.6,26.4,19.9,11.9,4.9,16.8,99.7,0,1,1,1,0,0,0,0,0,1,0,0,0,0,0,0,650,246,3,0.378461538,0.004615385,0.616923077
Finley,11/16/2015,306,4,0.0129,310,2,0,1,0,1,1,36.6,26.4,19.9,11.9,4.9,16.8,99.7,0,1,0,0,0,1,0,1,0,0,0,1,0,0,0,0,650,246,3,0.378461538,0.004615385,0.616923077
Finley,11/18/2015,309,1,0.0032,310,2,0,1,0,1,1,36.6,26.4,19.9,11.9,4.9,16.8,99.7,0,1,0,0,1,1,0,1,0,0,1,0,0,0,0,0,650,246,3,0.378461538,0.004615385,0.616923077
Finley,11/20/2015,340,13,0.0368,353,2,0,1,0,1,1,36.6,26.4,19.9,11.9,4.9,16.8,99.7,0,1,0,1,1,0,1,0,0,1,0,0,0,0,0,0,650,246,3,0.378461538,0.004615385,0.616923077
Finley,12/2/2015,331,3,0.009,334,3,1,0,0,1,1,36.6,26.4,19.9,11.9,4.9,16.8,99.7,0,1,1,0,1,0,0,0,0,0,1,0,0,0,0,0,650,246,3,0.378461538,0.004615385,0.616923077
Finley,12/4/2015,334,10,0.0291,344,3,1,0,0,1,1,36.6,26.4,19.9,11.9,4.9,16.8,99.7,0,1,0,1,1,0,0,0,0,1,0,0,0,0,0,0,650,246,3,0.378461538,0.004615385,0.616923077
Finley,12/7/2015,279,6,0.0211,285,3,1,0,0,1,1,36.6,26.4,19.9,11.9,4.9,16.8,99.7,0,1,0,1,1,0,0,1,0,0,0,1,0,0,0,0,650,246,3,0.378461538,0.004615385,0.616923077
Finley,12/9/2015,312,5,0.0158,317,3,1,0,0,1,1,36.6,26.4,19.9,11.9,4.9,16.8,99.7,0,1,0,1,1,1,0,1,0,0,1,0,0,0,0,0,650,246,3,0.378461538,0.004615385,0.616923077
Finley,12/11/2015,333,30,0.0826,363,3,1,0,0,1,1,36.6,26.4,19.9,11.9,4.9,16.8,99.7,0,1,1,1,0,0,0,0,0,1,0,0,0,0,0,0,650,246,3,0.378461538,0.004615385,0.616923077
Finley,12/14/2015,314,2,0.0063,316,2,0,1,0,1,1,36.6,26.4,19.9,11.9,4.9,16.8,99.7,1,1,0,0,1,1,0,1,0,0,0,1,0,0,0,0,650,246,3,0.378461538,0.004615385,0.616923077
Finley,12/16/2015,317,6,0.0186,323,2,0,1,0,1,1,36.6,26.4,19.9,11.9,4.9,16.8,99.7,0,1,0,0,1,0,0,1,0,0,1,0,0,0,0,0,650,246,3,0.378461538,0.004615385,0.616923077
Finley,12/18/2015,281,8,0.0277,289,2,0,1,0,1,1,36.6,26.4,19.9,11.9,4.9,16.8,99.7,0,1,0,1,1,0,1,0,0,1,0,0,0,0,0,0,650,246,3,0.378461538,0.004615385,0.616923077
Finley,3/4/2016,250,2,0.0079,252,2,0,1,0,1,1,36.6,26.4,19.9,11.9,4.9,16.8,99.7,0,1,0,1,1,0,1,0,0,1,0,0,0,0,1,0,650,246,3,0.378461538,0.004615385,0.616923077
Finley,3/7/2016,328,2,0.0061,330,2,0,1,0,1,1,36.6,26.4,19.9,11.9,4.9,16.8,99.7,0,1,0,1,1,1,0,1,0,0,0,1,0,0,0,0,650,246,3,0.378461538,0.004615385,0.616923077
Finley,3/9/2016,322,0,0,322,2,0,1,0,1,1,36.6,26.4,19.9,11.9,4.9,16.8,99.7,0,1,1,0,1,0,0,0,0,0,1,0,0,0,0,0,650,246,3,0.378461538,0.004615385,0.616923077
Finley,3/11/2016,330,6,0.0179,336,2,0,1,0,1,1,36.6,26.4,19.9,11.9,4.9,16.8,99.7,0,1,0,1,0,0,0,0,0,1,0,0,0,0,0,0,650,246,3,0.378461538,0.004615385,0.616923077
Finley,3/14/2016,304,7,0.0225,311,2,0,1,0,1,1,36.6,26.4,19.9,11.9,4.9,16.8,99.7,0,1,0,0,1,0,0,1,0,0,0,1,0,0,0,0,650,246,3,0.378461538,0.004615385,0.616923077
Finley,3/16/2016,327,2,0.0061,329,2,0,1,0,1,1,36.6,26.4,19.9,11.9,4.9,16.8,99.7,1,1,0,0,0,0,0,1,1,0,0,0,0,0,0,0,650,246,3,0.378461538,0.004615385,0.616923077
Finley,3/18/2016,286,19,0.0623,305,2,0,1,0,1,1,36.6,26.4,19.9,11.9,4.9,16.8,99.7,1,1,1,1,0,0,0,0,0,1,0,0,0,0,0,0,650,246,3,0.378461538,0.004615385,0.616923077
Finley,3/28/2016,311,5,0.0158,316,2,0,1,0,1,1,36.6,26.4,19.9,11.9,4.9,16.8,99.7,0,1,0,0,0,1,0,1,0,0,0,1,0,0,0,0,650,246,3,0.378461538,0.004615385,0.616923077
Finley,3/30/2016,332,2,0.006,334,2,0,1,0,1,1,36.6,26.4,19.9,11.9,4.9,16.8,99.7,0,1,0,0,1,0,0,1,0,0,1,0,0,0,0,0,650,246,3,0.378461538,0.004615385,0.616923077
Finley,4/5/2016,284,2,0.007,286,2,0,1,0,1,1,36.6,26.4,19.9,11.9,4.9,16.8,99.7,0,1,1,0,1,0,1,1,1,0,0,0,0,0,0,0,650,246,3,0.378461538,0.004615385,0.616923077
Finley,4/6/2016,315,38,0.1076,353,2,0,1,0,1,1,36.6,26.4,19.9,11.9,4.9,16.8,99.7,0,1,1,0,1,0,0,0,0,0,1,0,0,0,0,0,650,246,3,0.378461538,0.004615385,0.616923077
Finley,4/11/2016,223,101,0.3117,324,2,0,1,0,1,1,36.6,26.4,19.9,11.9,4.9,16.8,99.7,0,1,0,0,1,0,0,1,0,0,0,1,0,0,0,0,650,246,3,0.378461538,0.004615385,0.616923077
Finley,4/12/2016,329,1,0.003,330,2,0,1,0,1,1,36.6,26.4,19.9,11.9,4.9,16.8,99.7,1,1,0,0,1,0,0,0,1,0,0,0,0,0,0,0,650,246,3,0.378461538,0.004615385,0.616923077
Finley,4/13/2016,329,2,0.006,331,2,0,1,0,1,1,36.6,26.4,19.9,11.9,4.9,16.8,99.7,1,1,0,0,0,0,0,1,0,0,1,0,0,0,0,0,650,246,3,0.378461538,0.004615385,0.616923077
Finley,4/15/2016,318,46,0.1264,364,2,0,1,0,1,1,36.6,26.4,19.9,11.9,4.9,16.8,99.7,1,1,1,1,1,0,0,0,1,1,0,0,0,0,0,0,650,246,3,0.378461538,0.004615385,0.616923077
Finley,4/25/2016,320,2,0.0062,322,2,0,1,0,1,1,36.6,26.4,19.9,11.9,4.9,16.8,99.7,0,1,0,0,0,1,0,1,0,0,0,1,0,0,0,0,650,246,3,0.378461538,0.004615385,0.616923077
Finley,4/26/2016,288,14,0.0464,302,2,0,1,0,1,1,36.6,26.4,19.9,11.9,4.9,16.8,99.7,0,1,1,0,1,0,1,0,1,0,0,0,0,0,0,0,650,246,3,0.378461538,0.004615385,0.616923077
Finley,4/27/2016,301,1,0.0033,302,2,0,1,0,1,1,36.6,26.4,19.9,11.9,4.9,16.8,99.7,0,1,1,0,1,0,0,0,0,0,1,0,0,0,0,0,650,246,3,0.378461538,0.004615385,0.616923077
Finley,4/29/2016,280,42,0.1304,322,2,0,1,0,1,1,36.6,26.4,19.9,11.9,4.9,16.8,99.7,0,1,0,1,0,0,0,0,0,1,0,0,0,0,0,0,650,246,3,0.378461538,0.004615385,0.616923077
Finley,5/2/2016,318,6,0.0185,324,2,0,1,0,1,1,36.6,26.4,19.9,11.9,4.9,16.8,99.7,0,1,0,0,1,0,0,1,0,0,0,1,0,0,0,0,650,246,3,0.378461538,0.004615385,0.616923077
Finley,5/4/2016,320,1,0.0031,321,2,0,1,0,1,1,36.6,26.4,19.9,11.9,4.9,16.8,99.7,1,1,0,0,0,0,0,1,0,0,1,0,0,0,0,0,650,246,3,0.378461538,0.004615385,0.616923077
Finley,5/6/2016,311,33,0.0959,344,2,0,1,0,1,1,36.6,26.4,19.9,11.9,4.9,16.8,99.7,0,1,1,1,0,0,0,0,0,1,0,0,0,0,0,0,650,246,3,0.378461538,0.004615385,0.616923077
Finley,5/9/2016,319,4,0.0124,323,2,0,1,0,1,1,36.6,26.4,19.9,11.9,4.9,16.8,99.7,0,1,0,0,0,1,0,1,0,1,0,0,0,0,0,0,650,246,3,0.378461538,0.004615385,0.616923077
Finley,5/11/2016,319,1,0.0031,320,2,0,1,0,1,1,36.6,26.4,19.9,11.9,4.9,16.8,99.7,0,1,0,0,1,0,0,1,0,0,1,0,0,0,0,0,650,246,3,0.378461538,0.004615385,0.616923077
Finley,5/12/2016,238,114,0.3239,352,2,0,1,0,1,1,36.6,26.4,19.9,11.9,4.9,16.8,99.7,0,1,0,0,1,0,0,1,0,0,0,0,0,0,0,1,650,246,3,0.378461538,0.004615385,0.616923077
Finley,5/16/2016,310,1,0.0032,311,2,0,1,0,1,1,36.6,26.4,19.9,11.9,4.9,16.8,99.7,0,1,0,0,1,0,1,1,0,1,0,0,0,0,0,0,650,246,3,0.378461538,0.004615385,0.616923077
Finley,5/18/2016,309,7,0.0222,316,2,0,1,0,1,1,36.6,26.4,19.9,11.9,4.9,16.8,99.7,1,1,0,0,1,0,0,1,0,0,1,0,0,0,0,0,650,246,3,0.378461538,0.004615385,0.616923077
Finley,5/20/2016,299,6,0.0197,305,2,0,1,0,1,1,36.6,26.4,19.9,11.9,4.9,16.8,99.7,0,1,0,1,0,0,0,1,0,0,0,1,0,0,0,0,650,246,3,0.378461538,0.004615385,0.616923077
Finley,5/23/2016,330,7,0.0208,337,2,0,1,0,1,1,36.6,26.4,19.9,11.9,4.9,16.8,99.7,0,1,0,0,1,0,0,1,0,1,0,0,0,0,0,0,650,246,3,0.378461538,0.004615385,0.616923077
Finley,5/25/2016,337,3,0.0088,340,2,0,1,0,1,1,36.6,26.4,19.9,11.9,4.9,16.8,99.7,0,1,0,0,1,0,0,1,0,0,1,0,0,0,0,0,650,246,3,0.378461538,0.004615385,0.616923077
Finley,5/26/2016,278,19,0.064,297,2,0,1,0,1,1,36.6,26.4,19.9,11.9,4.9,16.8,99.7,1,1,0,1,0,1,0,1,0,0,0,0,0,0,0,1,650,246,3,0.378461538,0.004615385,0.616923077
Finley,5/27/2016,243,2,0.0082,245,2,0,1,0,1,1,36.6,26.4,19.9,11.9,4.9,16.8,99.7,0,1,0,1,0,0,1,0,0,0,0,1,0,0,0,0,650,246,3,0.378461538,0.004615385,0.616923077
Foster,10/14/2015,378,11,0.0283,389,2,0,1,0,1,1,32.1,42.7,9.1,6.9,9,15.9,99.8,0,1,1,0,1,0,0,0,0,0,1,0,0,0,0,0,529,280,12,0.529300567,0.02268431,0.448015123
Foster,10/21/2015,384,6,0.0154,390,2,0,1,0,1,1,32.1,42.7,9.1,6.9,9,15.9,99.8,0,1,0,0,0,1,0,1,0,0,1,0,0,0,0,0,529,280,12,0.529300567,0.02268431,0.448015123
Foster,10/23/2015,412,10,0.0237,422,2,0,1,0,1,1,32.1,42.7,9.1,6.9,9,15.9,99.8,0,1,1,1,0,0,0,0,0,1,0,0,0,0,0,0,529,280,12,0.529300567,0.02268431,0.448015123
Foster,10/26/2015,373,14,0.0362,387,2,0,1,0,1,1,32.1,42.7,9.1,6.9,9,15.9,99.8,0,1,0,0,0,1,0,1,0,0,0,1,0,0,0,0,529,280,12,0.529300567,0.02268431,0.448015123
Foster,10/28/2015,420,20,0.0455,440,2,0,1,0,1,1,32.1,42.7,9.1,6.9,9,15.9,99.8,1,1,0,0,1,0,0,1,0,0,1,0,0,0,0,0,529,280,12,0.529300567,0.02268431,0.448015123
Foster,11/2/2015,389,11,0.0275,400,2,0,1,0,1,1,32.1,42.7,9.1,6.9,9,15.9,99.8,0,1,0,0,0,1,0,1,0,0,0,1,0,0,0,0,529,280,12,0.529300567,0.02268431,0.448015123
Foster,11/4/2015,391,20,0.0487,411,2,0,1,0,1,1,32.1,42.7,9.1,6.9,9,15.9,99.8,0,1,1,0,1,0,0,0,0,0,1,0,0,0,0,0,529,280,12,0.529300567,0.02268431,0.448015123
Foster,11/9/2015,374,15,0.0386,389,2,0,1,0,1,1,32.1,42.7,9.1,6.9,9,15.9,99.8,0,1,0,0,1,0,0,1,0,0,0,1,0,0,0,0,529,280,12,0.529300567,0.02268431,0.448015123
Foster,11/13/2015,324,15,0.0442,339,2,0,1,0,1,1,32.1,42.7,9.1,6.9,9,15.9,99.8,0,1,1,1,0,0,0,0,0,1,0,0,0,0,0,0,529,280,12,0.529300567,0.02268431,0.448015123
Foster,11/16/2015,389,15,0.0371,404,2,0,1,0,1,1,32.1,42.7,9.1,6.9,9,15.9,99.8,0,1,0,0,0,1,0,1,0,0,0,1,0,0,0,0,529,280,12,0.529300567,0.02268431,0.448015123
Foster,11/18/2015,416,10,0.0235,426,2,0,1,0,1,1,32.1,42.7,9.1,6.9,9,15.9,99.8,1,1,0,0,1,0,0,1,0,0,1,0,0,0,0,0,529,280,12,0.529300567,0.02268431,0.448015123
Foster,11/20/2015,322,4,0.0123,326,2,0,1,0,1,1,32.1,42.7,9.1,6.9,9,15.9,99.8,0,1,0,1,0,0,1,0,0,1,0,0,0,0,0,0,529,280,12,0.529300567,0.02268431,0.448015123
Foster,11/30/2015,371,8,0.0211,379,3,1,0,0,1,1,32.1,42.7,9.1,6.9,9,15.9,99.8,0,1,0,0,0,1,0,1,0,0,0,1,0,0,0,0,529,280,12,0.529300567,0.02268431,0.448015123
Foster,12/2/2015,351,20,0.0539,371,3,1,0,0,1,1,32.1,42.7,9.1,6.9,9,15.9,99.8,0,1,1,0,1,0,0,0,0,0,1,0,0,0,0,0,529,280,12,0.529300567,0.02268431,0.448015123
Foster,12/4/2015,347,20,0.0545,367,3,1,0,0,1,1,32.1,42.7,9.1,6.9,9,15.9,99.8,0,1,0,1,1,0,0,0,0,1,0,0,0,0,0,0,529,280,12,0.529300567,0.02268431,0.448015123
Foster,12/7/2015,368,20,0.0515,388,3,1,0,0,1,1,32.1,42.7,9.1,6.9,9,15.9,99.8,0,1,0,0,1,0,0,1,0,0,0,1,0,0,0,0,529,280,12,0.529300567,0.02268431,0.448015123
Foster,12/9/2015,413,10,0.0236,423,3,1,0,0,1,1,32.1,42.7,9.1,6.9,9,15.9,99.8,0,1,0,0,0,1,0,1,0,0,1,0,0,0,0,0,529,280,12,0.529300567,0.02268431,0.448015123
Foster,12/11/2015,397,20,0.048,417,3,1,0,0,1,1,32.1,42.7,9.1,6.9,9,15.9,99.8,0,1,1,1,0,0,0,0,0,1,0,0,0,0,0,0,529,280,12,0.529300567,0.02268431,0.448015123
Foster,12/14/2015,381,18,0.0451,399,2,0,1,0,1,1,32.1,42.7,9.1,6.9,9,15.9,99.8,0,1,0,0,0,1,0,1,0,0,0,1,0,0,0,0,529,280,12,0.529300567,0.02268431,0.448015123
Foster,12/18/2015,383,20,0.0496,403,2,0,1,0,1,1,32.1,42.7,9.1,6.9,9,15.9,99.8,0,1,0,1,0,0,1,0,0,1,0,0,0,0,0,0,529,280,12,0.529300567,0.02268431,0.448015123
Foster,3/7/2016,363,20,0.0522,383,2,0,1,0,1,1,32.1,42.7,9.1,6.9,9,15.9,99.8,0,1,0,0,0,1,0,1,0,0,0,1,0,0,0,0,529,280,12,0.529300567,0.02268431,0.448015123
Foster,3/9/2016,337,17,0.048,354,2,0,1,0,1,1,32.1,42.7,9.1,6.9,9,15.9,99.8,0,1,1,0,1,0,0,0,0,0,1,0,0,0,0,0,529,280,12,0.529300567,0.02268431,0.448015123
Foster,3/11/2016,325,10,0.0299,335,2,0,1,0,1,1,32.1,42.7,9.1,6.9,9,15.9,99.8,0,1,0,1,0,0,0,0,0,1,0,0,0,0,0,0,529,280,12,0.529300567,0.02268431,0.448015123
Foster,3/16/2016,388,10,0.0251,398,2,0,1,0,1,1,32.1,42.7,9.1,6.9,9,15.9,99.8,1,1,0,0,0,0,0,1,0,0,1,0,0,0,0,0,529,280,12,0.529300567,0.02268431,0.448015123
Foster,3/18/2016,378,5,0.0131,383,2,0,1,0,1,1,32.1,42.7,9.1,6.9,9,15.9,99.8,0,1,1,1,0,0,0,0,0,1,0,0,0,0,0,0,529,280,12,0.529300567,0.02268431,0.448015123
Foster,3/28/2016,362,7,0.019,369,2,0,1,0,1,1,32.1,42.7,9.1,6.9,9,15.9,99.8,0,1,0,0,0,1,0,1,0,0,0,1,0,0,0,0,529,280,12,0.529300567,0.02268431,0.448015123
Foster,3/30/2016,379,8,0.0207,387,2,0,1,0,1,1,32.1,42.7,9.1,6.9,9,15.9,99.8,1,1,0,0,1,0,0,1,0,0,1,0,0,0,0,0,529,280,12,0.529300567,0.02268431,0.448015123
Foster,4/4/2016,338,15,0.0425,353,2,0,1,0,1,1,32.1,42.7,9.1,6.9,9,15.9,99.8,0,1,0,0,0,1,0,1,0,0,0,1,0,0,0,0,529,280,12,0.529300567,0.02268431,0.448015123
Foster,4/5/2016,338,20,0.0559,358,2,0,1,0,1,1,32.1,42.7,9.1,6.9,9,15.9,99.8,0,1,1,0,0,0,1,0,1,0,0,0,0,0,0,0,529,280,12,0.529300567,0.02268431,0.448015123
Foster,4/6/2016,358,7,0.0192,365,2,0,1,0,1,1,32.1,42.7,9.1,6.9,9,15.9,99.8,0,1,1,0,1,0,0,0,0,0,1,0,0,0,0,0,529,280,12,0.529300567,0.02268431,0.448015123
Foster,4/11/2016,338,15,0.0425,353,2,0,1,0,1,1,32.1,42.7,9.1,6.9,9,15.9,99.8,0,1,0,0,1,0,0,1,0,0,0,1,0,0,0,0,529,280,12,0.529300567,0.02268431,0.448015123
Foster,4/12/2016,367,4,0.0108,371,2,0,1,0,1,1,32.1,42.7,9.1,6.9,9,15.9,99.8,1,1,0,0,1,0,0,0,1,0,0,0,0,0,0,0,529,280,12,0.529300567,0.02268431,0.448015123
Foster,4/13/2016,372,10,0.0262,382,2,0,1,0,1,1,32.1,42.7,9.1,6.9,9,15.9,99.8,1,1,0,0,0,0,0,1,0,0,1,0,0,0,0,0,529,280,12,0.529300567,0.02268431,0.448015123
Foster,4/15/2016,380,9,0.0231,389,2,0,1,0,1,1,32.1,42.7,9.1,6.9,9,15.9,99.8,0,1,1,1,0,0,0,0,0,1,0,0,0,0,0,0,529,280,12,0.529300567,0.02268431,0.448015123
Foster,4/25/2016,339,8,0.0231,347,2,0,1,0,1,1,32.1,42.7,9.1,6.9,9,15.9,99.8,0,1,0,0,0,1,0,1,0,0,0,1,0,0,0,0,529,280,12,0.529300567,0.02268431,0.448015123
Foster,4/27/2016,323,17,0.05,340,2,0,1,0,1,1,32.1,42.7,9.1,6.9,9,15.9,99.8,0,1,1,0,1,0,0,0,0,0,1,0,0,0,0,0,529,280,12,0.529300567,0.02268431,0.448015123
Foster,4/29/2016,217,10,0.0441,227,2,0,1,0,1,1,32.1,42.7,9.1,6.9,9,15.9,99.8,0,1,0,1,0,0,0,0,0,1,0,0,0,0,0,0,529,280,12,0.529300567,0.02268431,0.448015123
Foster,5/2/2016,354,10,0.0275,364,2,0,1,0,1,1,32.1,42.7,9.1,6.9,9,15.9,99.8,0,1,0,0,1,0,0,1,0,0,0,1,0,0,0,0,529,280,12,0.529300567,0.02268431,0.448015123
Foster,5/4/2016,382,10,0.0255,392,2,0,1,0,1,1,32.1,42.7,9.1,6.9,9,15.9,99.8,1,1,0,0,0,0,0,1,0,0,1,0,0,0,0,0,529,280,12,0.529300567,0.02268431,0.448015123
Foster,5/6/2016,329,9,0.0266,338,2,0,1,0,1,1,32.1,42.7,9.1,6.9,9,15.9,99.8,0,1,1,1,0,0,0,0,0,1,0,0,0,0,0,0,529,280,12,0.529300567,0.02268431,0.448015123
Foster,5/13/2016,292,5,0.0168,297,2,0,1,0,1,1,32.1,42.7,9.1,6.9,9,15.9,99.8,0,1,0,1,0,0,1,0,0,0,0,1,0,0,0,0,529,280,12,0.529300567,0.02268431,0.448015123
Foster,5/16/2016,346,15,0.0416,361,2,0,1,0,1,1,32.1,42.7,9.1,6.9,9,15.9,99.8,0,1,0,0,1,0,1,0,0,1,0,0,0,0,0,0,529,280,12,0.529300567,0.02268431,0.448015123
Foster,5/18/2016,306,30,0.0893,336,2,0,1,0,1,1,32.1,42.7,9.1,6.9,9,15.9,99.8,1,1,0,0,0,0,0,1,0,0,1,0,0,0,0,0,529,280,12,0.529300567,0.02268431,0.448015123
Foster,5/19/2016,362,30,0.0765,392,2,0,1,0,1,1,32.1,42.7,9.1,6.9,9,15.9,99.8,1,1,0,0,1,0,0,0,0,0,0,0,0,0,0,1,529,280,12,0.529300567,0.02268431,0.448015123
Glen,11/2/2015,140,10,0.0667,150,2,0,1,0,1,1,55.7,25,8.7,2,7.9,9.9,99.3,0,1,0,0,1,1,0,1,0,0,0,1,0,0,1,0,499,244,21,0.488977956,0.042084168,0.468937876
Glen,11/4/2015,153,5,0.0316,158,2,0,1,0,1,1,55.7,25,8.7,2,7.9,9.9,99.3,0,1,1,0,1,0,0,0,0,0,1,0,0,0,0,0,499,244,21,0.488977956,0.042084168,0.468937876
Glen,11/13/2015,186,14,0.07,200,2,0,1,0,1,1,55.7,25,8.7,2,7.9,9.9,99.3,0,1,1,1,1,0,0,0,0,1,0,0,0,0,1,0,499,244,21,0.488977956,0.042084168,0.468937876
Glen,11/18/2015,184,5,0.0265,189,2,0,1,0,1,1,55.7,25,8.7,2,7.9,9.9,99.3,0,1,0,0,1,0,0,1,0,0,1,0,0,0,1,0,499,244,21,0.488977956,0.042084168,0.468937876
Glen,11/20/2015,218,7,0.0311,225,2,0,1,0,1,1,55.7,25,8.7,2,7.9,9.9,99.3,0,1,0,1,0,0,1,0,0,1,0,0,0,0,0,0,499,244,21,0.488977956,0.042084168,0.468937876
Glen,11/30/2015,169,6,0.0343,175,3,1,0,0,1,1,55.7,25,8.7,2,7.9,9.9,99.3,0,1,0,0,1,1,0,1,0,0,0,1,0,0,0,0,499,244,21,0.488977956,0.042084168,0.468937876
Glen,12/2/2015,176,4,0.0222,180,3,1,0,0,1,1,55.7,25,8.7,2,7.9,9.9,99.3,1,1,1,0,1,0,0,0,0,0,1,0,0,0,0,0,499,244,21,0.488977956,0.042084168,0.468937876
Glen,12/7/2015,154,11,0.0667,165,3,1,0,0,1,1,55.7,25,8.7,2,7.9,9.9,99.3,1,1,0,0,1,1,0,1,0,0,0,1,0,0,1,0,499,244,21,0.488977956,0.042084168,0.468937876
Glen,12/9/2015,176,5,0.0276,181,3,1,0,0,1,1,55.7,25,8.7,2,7.9,9.9,99.3,1,1,1,0,1,1,0,1,0,0,1,0,0,0,0,0,499,244,21,0.488977956,0.042084168,0.468937876
Glen,12/14/2015,157,10,0.0599,167,2,0,1,0,1,1,55.7,25,8.7,2,7.9,9.9,99.3,0,1,0,0,1,1,0,1,0,0,0,1,0,0,1,0,499,244,21,0.488977956,0.042084168,0.468937876
Glen,12/16/2015,196,2,0.0101,198,2,0,1,0,1,1,55.7,25,8.7,2,7.9,9.9,99.3,0,1,0,0,1,0,0,1,0,0,1,0,0,0,1,0,499,244,21,0.488977956,0.042084168,0.468937876
Glen,12/17/2015,157,3,0.0188,160,2,0,1,0,1,1,55.7,25,8.7,2,7.9,9.9,99.3,0,1,0,0,0,0,0,1,0,0,0,0,0,0,1,0,499,244,21,0.488977956,0.042084168,0.468937876
Glen,12/18/2015,190,6,0.0306,196,2,0,1,0,1,1,55.7,25,8.7,2,7.9,9.9,99.3,0,1,0,1,0,0,1,0,0,1,0,0,0,0,0,0,499,244,21,0.488977956,0.042084168,0.468937876
Glen,3/4/2016,226,5,0.0216,231,2,0,1,0,1,1,55.7,25,8.7,2,7.9,9.9,99.3,0,1,0,1,1,0,1,0,0,1,0,0,0,0,1,0,499,244,21,0.488977956,0.042084168,0.468937876
Glen,3/7/2016,171,3,0.0172,174,2,0,1,0,1,1,55.7,25,8.7,2,7.9,9.9,99.3,0,1,0,0,1,1,0,1,0,0,0,1,0,0,0,0,499,244,21,0.488977956,0.042084168,0.468937876
Glen,3/11/2016,213,5,0.0229,218,2,0,1,0,1,1,55.7,25,8.7,2,7.9,9.9,99.3,0,1,0,1,1,0,0,0,0,1,0,0,0,0,0,0,499,244,21,0.488977956,0.042084168,0.468937876
Glen,3/16/2016,184,1,0.0054,185,2,0,1,0,1,1,55.7,25,8.7,2,7.9,9.9,99.3,1,1,0,0,1,0,0,1,0,0,1,0,0,0,0,0,499,244,21,0.488977956,0.042084168,0.468937876
Glen,3/18/2016,218,12,0.0522,230,2,0,1,0,1,1,55.7,25,8.7,2,7.9,9.9,99.3,0,1,1,1,1,0,0,0,0,1,0,0,0,0,1,0,499,244,21,0.488977956,0.042084168,0.468937876
Glen,3/28/2016,178,5,0.0273,183,2,0,1,0,1,1,55.7,25,8.7,2,7.9,9.9,99.3,0,1,0,0,1,1,0,1,0,0,0,1,0,0,0,0,499,244,21,0.488977956,0.042084168,0.468937876
Glen,3/30/2016,197,2,0.0101,199,2,0,1,0,1,1,55.7,25,8.7,2,7.9,9.9,99.3,0,1,0,0,1,0,0,1,0,0,1,0,0,0,1,0,499,244,21,0.488977956,0.042084168,0.468937876
Glen,4/4/2016,177,2,0.0112,179,2,0,1,0,1,1,55.7,25,8.7,2,7.9,9.9,99.3,0,1,0,0,1,1,0,1,0,0,0,1,0,0,0,0,499,244,21,0.488977956,0.042084168,0.468937876
Glen,4/5/2016,173,4,0.0226,177,2,0,1,0,1,1,55.7,25,8.7,2,7.9,9.9,99.3,0,1,1,0,1,0,1,0,1,0,0,0,0,0,0,0,499,244,21,0.488977956,0.042084168,0.468937876
Glen,4/6/2016,190,3,0.0155,193,2,0,1,0,1,1,55.7,25,8.7,2,7.9,9.9,99.3,0,1,1,0,1,0,0,0,0,0,1,0,0,0,0,0,499,244,21,0.488977956,0.042084168,0.468937876
Glen,4/7/2016,156,1,0.0064,157,2,0,1,0,1,1,55.7,25,8.7,2,7.9,9.9,99.3,0,1,0,0,1,1,1,0,0,0,0,0,0,0,1,0,499,244,21,0.488977956,0.042084168,0.468937876
Glen,4/11/2016,175,5,0.0278,180,2,0,1,0,1,1,55.7,25,8.7,2,7.9,9.9,99.3,0,1,0,0,1,0,0,1,0,0,0,1,0,0,0,0,499,244,21,0.488977956,0.042084168,0.468937876
Glen,4/12/2016,208,1,0.0048,209,2,0,1,0,1,1,55.7,25,8.7,2,7.9,9.9,99.3,1,1,0,0,1,0,0,0,1,0,0,0,0,0,0,0,499,244,21,0.488977956,0.042084168,0.468937876
Glen,4/13/2016,195,4,0.0201,199,2,0,1,0,1,1,55.7,25,8.7,2,7.9,9.9,99.3,1,1,0,0,1,0,0,1,0,0,1,0,0,0,0,0,499,244,21,0.488977956,0.042084168,0.468937876
Glen,4/15/2016,256,4,0.0154,260,2,0,1,0,1,1,55.7,25,8.7,2,7.9,9.9,99.3,0,1,1,1,1,0,0,0,0,1,0,0,0,0,0,0,499,244,21,0.488977956,0.042084168,0.468937876
Glen,4/25/2016,172,2,0.0115,174,2,0,1,0,1,1,55.7,25,8.7,2,7.9,9.9,99.3,0,1,0,0,1,1,0,1,0,0,0,1,0,0,0,0,499,244,21,0.488977956,0.042084168,0.468937876
Glen,4/27/2016,166,2,0.0119,168,2,0,1,0,1,1,55.7,25,8.7,2,7.9,9.9,99.3,0,1,1,0,1,0,0,0,0,0,1,0,0,0,0,0,499,244,21,0.488977956,0.042084168,0.468937876
Glen,4/29/2016,201,2,0.0099,203,2,0,1,0,1,1,55.7,25,8.7,2,7.9,9.9,99.3,0,1,0,1,1,0,0,0,0,1,0,0,0,0,0,0,499,244,21,0.488977956,0.042084168,0.468937876
Glen,5/2/2016,124,13,0.0949,137,2,0,1,0,1,1,55.7,25,8.7,2,7.9,9.9,99.3,1,1,0,0,1,0,0,1,0,0,0,1,0,0,0,0,499,244,21,0.488977956,0.042084168,0.468937876
Glen,5/4/2016,190,2,0.0104,192,2,0,1,0,1,1,55.7,25,8.7,2,7.9,9.9,99.3,1,1,0,0,1,0,0,1,0,0,1,0,0,0,0,0,499,244,21,0.488977956,0.042084168,0.468937876
Glen,5/6/2016,237,2,0.0084,239,2,0,1,0,1,1,55.7,25,8.7,2,7.9,9.9,99.3,0,1,1,1,1,0,0,1,0,1,0,0,0,0,0,0,499,244,21,0.488977956,0.042084168,0.468937876
Glen,5/16/2016,187,4,0.0209,191,2,0,1,0,1,1,55.7,25,8.7,2,7.9,9.9,99.3,0,1,0,0,1,0,1,1,0,1,0,0,0,0,0,0,499,244,21,0.488977956,0.042084168,0.468937876
Glen,5/18/2016,158,5,0.0307,163,2,0,1,0,1,1,55.7,25,8.7,2,7.9,9.9,99.3,1,1,1,0,1,0,0,1,0,0,1,0,0,0,0,0,499,244,21,0.488977956,0.042084168,0.468937876
Glen,5/19/2016,206,1,0.0048,207,2,0,1,0,1,1,55.7,25,8.7,2,7.9,9.9,99.3,1,1,0,0,1,0,0,1,0,0,0,0,0,0,0,1,499,244,21,0.488977956,0.042084168,0.468937876
Glen,5/20/2016,220,1,0.0045,221,2,0,1,0,1,1,55.7,25,8.7,2,7.9,9.9,99.3,0,1,0,1,1,0,0,0,0,0,0,1,0,0,0,0,499,244,21,0.488977956,0.042084168,0.468937876
Glen,5/23/2016,159,4,0.0245,163,2,0,1,0,1,1,55.7,25,8.7,2,7.9,9.9,99.3,1,1,0,0,1,0,0,1,0,1,0,0,0,0,0,0,499,244,21,0.488977956,0.042084168,0.468937876
Glen,5/25/2016,206,2,0.0096,208,2,0,1,0,1,1,55.7,25,8.7,2,7.9,9.9,99.3,0,1,0,0,1,0,0,1,0,0,1,0,0,0,0,0,499,244,21,0.488977956,0.042084168,0.468937876
Glen,5/27/2016,239,2,0.0083,241,2,0,1,0,1,1,55.7,25,8.7,2,7.9,9.9,99.3,0,1,0,1,0,0,1,1,0,0,0,1,0,0,0,0,499,244,21,0.488977956,0.042084168,0.468937876
Idylwild ,10/14/2015,591,55,0.0851,646,2,0,1,0,1,1,22.4,54,12.4,4.7,5.4,10.1,98.9,0,1,1,0,1,0,0,0,0,0,1,0,0,0,0,0,803,575,12,0.716064757,0.01494396,0.268991283
Idylwild ,10/16/2015,567,95,0.1435,662,2,0,1,0,1,1,22.4,54,12.4,4.7,5.4,10.1,98.9,0,1,0,1,0,0,1,0,0,1,0,0,0,0,0,0,803,575,12,0.716064757,0.01494396,0.268991283
Idylwild ,10/19/2015,552,85,0.1334,637,2,0,1,0,1,1,22.4,54,12.4,4.7,5.4,10.1,98.9,0,1,0,0,1,0,0,1,0,0,0,1,0,0,0,0,803,575,12,0.716064757,0.01494396,0.268991283
Idylwild ,10/21/2015,570,67,0.1052,637,2,0,1,0,1,1,22.4,54,12.4,4.7,5.4,10.1,98.9,0,1,0,0,0,1,0,1,0,0,1,0,0,0,0,0,803,575,12,0.716064757,0.01494396,0.268991283
Idylwild ,10/23/2015,599,47,0.0728,646,2,0,1,0,1,1,22.4,54,12.4,4.7,5.4,10.1,98.9,0,1,1,1,0,0,0,0,0,1,0,0,0,0,0,0,803,575,12,0.716064757,0.01494396,0.268991283
Idylwild ,10/26/2015,555,73,0.1162,628,2,0,1,0,1,1,22.4,54,12.4,4.7,5.4,10.1,98.9,0,1,0,0,0,1,0,1,0,0,0,1,0,0,0,0,803,575,12,0.716064757,0.01494396,0.268991283
Idylwild ,10/28/2015,575,69,0.1071,644,2,0,1,0,1,1,22.4,54,12.4,4.7,5.4,10.1,98.9,0,1,0,0,1,0,0,1,0,0,1,0,0,0,0,0,803,575,12,0.716064757,0.01494396,0.268991283
Idylwild ,11/2/2015,558,96,0.1468,654,2,0,1,0,1,1,22.4,54,12.4,4.7,5.4,10.1,98.9,0,1,0,0,0,1,0,1,0,0,0,1,0,0,0,0,803,575,12,0.716064757,0.01494396,0.268991283
Idylwild ,11/4/2015,551,88,0.1377,639,2,0,1,0,1,1,22.4,54,12.4,4.7,5.4,10.1,98.9,0,1,1,0,1,0,0,0,0,0,1,0,0,0,0,0,803,575,12,0.716064757,0.01494396,0.268991283
Idylwild ,11/9/2015,585,60,0.093,645,2,0,1,0,1,1,22.4,54,12.4,4.7,5.4,10.1,98.9,0,1,0,0,1,0,0,1,0,0,0,1,0,0,1,0,803,575,12,0.716064757,0.01494396,0.268991283
Idylwild ,11/13/2015,589,56,0.0868,645,2,0,1,0,1,1,22.4,54,12.4,4.7,5.4,10.1,98.9,0,1,1,1,0,0,0,0,0,1,0,0,0,0,0,0,803,575,12,0.716064757,0.01494396,0.268991283
Idylwild ,11/16/2015,559,70,0.1113,629,2,0,1,0,1,1,22.4,54,12.4,4.7,5.4,10.1,98.9,0,1,0,0,0,1,0,1,0,0,0,1,0,0,0,0,803,575,12,0.716064757,0.01494396,0.268991283
Idylwild ,11/18/2015,611,42,0.0643,653,2,0,1,0,1,1,22.4,54,12.4,4.7,5.4,10.1,98.9,0,1,0,0,1,0,0,1,0,0,1,0,0,0,0,0,803,575,12,0.716064757,0.01494396,0.268991283
Idylwild ,11/20/2015,562,87,0.1341,649,2,0,1,0,1,1,22.4,54,12.4,4.7,5.4,10.1,98.9,0,1,0,1,0,0,1,0,0,1,0,0,0,0,0,0,803,575,12,0.716064757,0.01494396,0.268991283
Idylwild ,11/30/2015,581,47,0.0748,628,3,1,0,0,1,1,22.4,54,12.4,4.7,5.4,10.1,98.9,0,1,0,0,0,1,0,1,0,0,0,1,0,0,0,0,803,575,12,0.716064757,0.01494396,0.268991283
Idylwild ,12/2/2015,620,40,0.0606,660,3,1,0,0,1,1,22.4,54,12.4,4.7,5.4,10.1,98.9,0,1,1,0,1,0,0,0,0,0,1,0,0,0,0,0,803,575,12,0.716064757,0.01494396,0.268991283
Idylwild ,12/4/2015,478,71,0.1293,549,3,1,0,0,1,1,22.4,54,12.4,4.7,5.4,10.1,98.9,0,1,0,1,0,0,0,0,0,1,0,0,0,0,0,0,803,575,12,0.716064757,0.01494396,0.268991283
Idylwild ,12/7/2015,654,0,0,654,3,1,0,0,1,1,22.4,54,12.4,4.7,5.4,10.1,98.9,1,1,0,0,1,0,0,1,0,0,0,0,0,0,1,0,803,575,12,0.716064757,0.01494396,0.268991283
Idylwild ,12/9/2015,570,64,0.1009,634,3,1,0,0,1,1,22.4,54,12.4,4.7,5.4,10.1,98.9,0,1,0,0,0,1,0,1,0,0,1,0,0,0,0,0,803,575,12,0.716064757,0.01494396,0.268991283
Idylwild ,12/11/2015,533,112,0.1736,645,3,1,0,0,1,1,22.4,54,12.4,4.7,5.4,10.1,98.9,0,1,1,1,0,0,0,0,0,1,0,0,0,0,0,0,803,575,12,0.716064757,0.01494396,0.268991283
Idylwild ,12/14/2015,597,50,0.0773,647,2,0,1,0,1,1,22.4,54,12.4,4.7,5.4,10.1,98.9,0,1,0,0,0,1,0,1,0,0,0,1,0,0,0,0,803,575,12,0.716064757,0.01494396,0.268991283
Idylwild ,12/15/2015,615,34,0.0524,649,2,0,1,0,1,1,22.4,54,12.4,4.7,5.4,10.1,98.9,1,1,1,0,0,0,0,0,1,0,0,0,0,0,0,0,803,575,12,0.716064757,0.01494396,0.268991283
Idylwild ,12/16/2015,612,45,0.0685,657,2,0,1,0,1,1,22.4,54,12.4,4.7,5.4,10.1,98.9,0,1,0,0,1,0,0,1,0,0,1,0,0,0,0,0,803,575,12,0.716064757,0.01494396,0.268991283
Idylwild ,12/18/2015,576,41,0.0665,617,2,0,1,0,1,1,22.4,54,12.4,4.7,5.4,10.1,98.9,0,1,0,1,0,0,1,0,0,1,0,0,0,0,0,0,803,575,12,0.716064757,0.01494396,0.268991283
Idylwild ,3/9/2016,598,30,0.0478,628,2,0,1,0,1,1,22.4,54,12.4,4.7,5.4,10.1,98.9,0,1,1,0,1,0,0,0,0,0,1,0,0,0,0,0,803,575,12,0.716064757,0.01494396,0.268991283
Idylwild ,3/11/2016,563,27,0.0458,590,2,0,1,0,1,1,22.4,54,12.4,4.7,5.4,10.1,98.9,0,1,0,1,0,0,0,0,0,1,0,0,0,0,0,0,803,575,12,0.716064757,0.01494396,0.268991283
Idylwild ,3/14/2016,580,68,0.1049,648,2,0,1,0,1,1,22.4,54,12.4,4.7,5.4,10.1,98.9,0,1,0,0,1,0,0,1,0,0,0,1,0,0,0,0,803,575,12,0.716064757,0.01494396,0.268991283
Idylwild ,3/16/2016,593,48,0.0749,641,2,0,1,0,1,1,22.4,54,12.4,4.7,5.4,10.1,98.9,1,1,0,0,0,0,0,1,0,0,1,0,0,0,0,0,803,575,12,0.716064757,0.01494396,0.268991283
Idylwild ,3/18/2016,595,47,0.0732,642,2,0,1,0,1,1,22.4,54,12.4,4.7,5.4,10.1,98.9,0,1,1,1,0,0,0,0,0,1,0,0,0,0,0,0,803,575,12,0.716064757,0.01494396,0.268991283
Idylwild ,3/28/2016,609,28,0.044,637,2,0,1,0,1,1,22.4,54,12.4,4.7,5.4,10.1,98.9,0,1,0,0,0,1,0,1,0,0,0,1,0,0,0,0,803,575,12,0.716064757,0.01494396,0.268991283
Idylwild ,3/30/2016,630,30,0.0455,660,2,0,1,0,1,1,22.4,54,12.4,4.7,5.4,10.1,98.9,1,1,0,0,1,0,0,1,0,0,1,0,0,0,0,0,803,575,12,0.716064757,0.01494396,0.268991283
Idylwild ,4/4/2016,609,26,0.0409,635,2,0,1,0,1,1,22.4,54,12.4,4.7,5.4,10.1,98.9,0,1,0,0,0,1,0,1,0,0,0,1,0,0,0,0,803,575,12,0.716064757,0.01494396,0.268991283
Idylwild ,4/5/2016,606,63,0.0942,669,2,0,1,0,1,1,22.4,54,12.4,4.7,5.4,10.1,98.9,0,1,1,0,0,0,1,0,1,0,0,0,0,0,0,0,803,575,12,0.716064757,0.01494396,0.268991283
Idylwild ,4/6/2016,617,41,0.0623,658,2,0,1,0,1,1,22.4,54,12.4,4.7,5.4,10.1,98.9,0,1,1,0,1,0,0,0,0,0,1,0,0,0,0,0,803,575,12,0.716064757,0.01494396,0.268991283
Idylwild ,4/11/2016,589,64,0.098,653,2,0,1,0,1,1,22.4,54,12.4,4.7,5.4,10.1,98.9,0,1,0,0,1,0,0,1,0,0,0,1,0,0,0,0,803,575,12,0.716064757,0.01494396,0.268991283
Idylwild ,4/12/2016,630,19,0.0293,649,2,0,1,0,1,1,22.4,54,12.4,4.7,5.4,10.1,98.9,1,1,0,0,1,0,0,0,1,0,0,0,0,0,0,0,803,575,12,0.716064757,0.01494396,0.268991283
Idylwild ,4/13/2016,564,92,0.1402,656,2,0,1,0,1,1,22.4,54,12.4,4.7,5.4,10.1,98.9,1,1,0,0,0,0,0,1,0,0,1,0,0,0,0,0,803,575,12,0.716064757,0.01494396,0.268991283
Idylwild ,4/14/2016,430,0,0,430,2,0,1,0,1,1,22.4,54,12.4,4.7,5.4,10.1,98.9,0,1,0,0,0,1,1,0,0,0,0,0,0,0,1,0,803,575,12,0.716064757,0.01494396,0.268991283
Idylwild ,4/15/2016,552,95,0.1468,647,2,0,1,0,1,1,22.4,54,12.4,4.7,5.4,10.1,98.9,0,1,1,1,0,0,0,0,0,1,0,0,0,0,0,0,803,575,12,0.716064757,0.01494396,0.268991283
Idylwild ,4/25/2016,618,35,0.0536,653,2,0,1,0,1,1,22.4,54,12.4,4.7,5.4,10.1,98.9,0,1,0,0,0,1,0,1,0,0,0,1,0,0,0,0,803,575,12,0.716064757,0.01494396,0.268991283
Idylwild ,4/26/2016,608,41,0.0632,649,2,0,1,0,1,1,22.4,54,12.4,4.7,5.4,10.1,98.9,0,1,1,0,0,0,1,1,1,0,0,0,0,0,0,0,803,575,12,0.716064757,0.01494396,0.268991283
Idylwild ,4/27/2016,645,11,0.0168,656,2,0,1,0,1,1,22.4,54,12.4,4.7,5.4,10.1,98.9,0,1,1,0,1,0,0,1,0,0,1,0,0,0,0,0,803,575,12,0.716064757,0.01494396,0.268991283
Idylwild ,4/29/2016,579,44,0.0706,623,2,0,1,0,1,1,22.4,54,12.4,4.7,5.4,10.1,98.9,0,1,0,1,0,0,0,1,0,1,0,0,0,0,0,0,803,575,12,0.716064757,0.01494396,0.268991283
Idylwild ,5/2/2016,569,77,0.1192,646,2,0,1,0,1,1,22.4,54,12.4,4.7,5.4,10.1,98.9,0,1,0,0,1,0,0,1,0,0,0,1,0,0,0,0,803,575,12,0.716064757,0.01494396,0.268991283
Idylwild ,5/4/2016,622,23,0.0357,645,2,0,1,0,1,1,22.4,54,12.4,4.7,5.4,10.1,98.9,1,1,0,0,0,0,0,1,0,0,1,0,0,0,0,0,803,575,12,0.716064757,0.01494396,0.268991283
Idylwild ,5/6/2016,661,12,0.0178,673,2,0,1,0,1,1,22.4,54,12.4,4.7,5.4,10.1,98.9,0,1,1,1,0,0,0,1,0,1,0,0,0,0,0,0,803,575,12,0.716064757,0.01494396,0.268991283
Idylwild ,5/9/2016,493,27,0.0519,520,2,0,1,0,1,1,22.4,54,12.4,4.7,5.4,10.1,98.9,0,1,0,0,0,1,0,1,0,1,0,0,0,0,0,0,803,575,12,0.716064757,0.01494396,0.268991283
Idylwild ,5/11/2016,644,20,0.0301,664,2,0,1,0,1,1,22.4,54,12.4,4.7,5.4,10.1,98.9,0,1,0,0,1,0,0,1,0,0,1,0,0,0,0,0,803,575,12,0.716064757,0.01494396,0.268991283
Idylwild ,5/13/2016,587,87,0.1291,674,2,0,1,0,1,1,22.4,54,12.4,4.7,5.4,10.1,98.9,0,1,0,1,0,0,1,0,0,1,0,1,0,0,0,0,803,575,12,0.716064757,0.01494396,0.268991283
Idylwild ,5/16/2016,592,75,0.1124,667,2,0,1,0,1,1,22.4,54,12.4,4.7,5.4,10.1,98.9,0,1,0,1,1,0,1,0,0,1,0,0,0,0,0,0,803,575,12,0.716064757,0.01494396,0.268991283
Idylwild ,5/18/2016,564,90,0.1376,654,2,0,1,0,1,1,22.4,54,12.4,4.7,5.4,10.1,98.9,1,1,0,0,0,0,0,1,0,0,1,0,0,0,0,0,803,575,12,0.716064757,0.01494396,0.268991283
Idylwild ,5/19/2016,654,18,0.0268,672,2,0,1,0,1,1,22.4,54,12.4,4.7,5.4,10.1,98.9,1,1,0,0,1,0,0,0,0,0,0,0,0,0,0,1,803,575,12,0.716064757,0.01494396,0.268991283
Idylwild ,5/20/2016,532,57,0.0968,589,2,0,1,0,1,1,22.4,54,12.4,4.7,5.4,10.1,98.9,0,1,0,1,0,0,0,0,0,1,0,1,0,0,0,0,803,575,12,0.716064757,0.01494396,0.268991283
Idylwild ,5/23/2016,472,169,0.2637,641,2,0,1,0,1,1,22.4,54,12.4,4.7,5.4,10.1,98.9,0,1,0,0,1,0,0,1,0,1,0,0,0,0,0,0,803,575,12,0.716064757,0.01494396,0.268991283
Idylwild ,5/25/2016,550,123,0.1828,673,2,0,1,0,1,1,22.4,54,12.4,4.7,5.4,10.1,98.9,0,1,0,0,1,0,0,1,0,0,1,0,0,0,0,0,803,575,12,0.716064757,0.01494396,0.268991283
Idylwild ,5/26/2016,627,45,0.067,672,2,0,1,0,1,1,22.4,54,12.4,4.7,5.4,10.1,98.9,1,1,0,0,0,1,0,1,0,0,0,0,0,0,0,1,803,575,12,0.716064757,0.01494396,0.268991283
Idylwild ,5/27/2016,616,31,0.0479,647,2,0,1,0,1,1,22.4,54,12.4,4.7,5.4,10.1,98.9,0,1,0,1,0,0,1,0,0,0,0,1,0,0,0,0,803,575,12,0.716064757,0.01494396,0.268991283
Lake.Forest ,10/14/2015,350,4,0.0113,354,2,0,1,0,1,1,14.7,76.7,2.7,0,4.9,4.9,99,0,1,1,0,1,0,0,0,0,0,1,0,0,0,0,0,352,312,1,0.886363636,0.002840909,0.110795455
Lake.Forest ,10/19/2015,264,2,0.0075,266,2,0,1,0,1,1,14.7,76.7,2.7,0,4.9,4.9,99,0,1,0,0,1,0,0,1,0,0,0,1,0,0,0,0,352,312,1,0.886363636,0.002840909,0.110795455
Lake.Forest ,10/21/2015,397,3,0.0075,400,2,0,1,0,1,1,14.7,76.7,2.7,0,4.9,4.9,99,0,1,0,0,0,1,0,1,0,0,1,0,0,0,1,0,352,312,1,0.886363636,0.002840909,0.110795455
Lake.Forest ,10/26/2015,357,3,0.0083,360,2,0,1,0,1,1,14.7,76.7,2.7,0,4.9,4.9,99,0,1,0,0,0,1,0,1,0,0,0,1,0,0,0,0,352,312,1,0.886363636,0.002840909,0.110795455
Lake.Forest ,10/28/2015,392,2,0.0051,394,2,0,1,0,1,1,14.7,76.7,2.7,0,4.9,4.9,99,1,1,0,0,1,0,0,1,0,0,1,0,0,0,0,0,352,312,1,0.886363636,0.002840909,0.110795455
Lake.Forest ,11/2/2015,355,2,0.0056,357,2,0,1,0,1,1,14.7,76.7,2.7,0,4.9,4.9,99,0,1,0,0,0,1,0,1,0,0,0,1,0,0,0,0,352,312,1,0.886363636,0.002840909,0.110795455
Lake.Forest ,11/4/2015,367,10,0.0265,377,2,0,1,0,1,1,14.7,76.7,2.7,0,4.9,4.9,99,0,1,1,0,1,0,0,0,0,0,1,0,0,0,0,0,352,312,1,0.886363636,0.002840909,0.110795455
Lake.Forest ,11/9/2015,326,11,0.0326,337,2,0,1,0,1,1,14.7,76.7,2.7,0,4.9,4.9,99,0,1,0,0,1,0,0,1,0,0,0,1,0,0,1,0,352,312,1,0.886363636,0.002840909,0.110795455
Lake.Forest ,11/13/2015,360,4,0.011,364,2,0,1,0,1,1,14.7,76.7,2.7,0,4.9,4.9,99,1,1,0,1,0,0,0,0,0,1,0,0,0,0,1,0,352,312,1,0.886363636,0.002840909,0.110795455
Lake.Forest ,11/16/2015,376,2,0.0053,378,2,0,1,0,1,1,14.7,76.7,2.7,0,4.9,4.9,99,0,1,0,0,0,1,0,1,0,0,0,1,0,0,0,0,352,312,1,0.886363636,0.002840909,0.110795455
Lake.Forest ,11/20/2015,340,2,0.0058,342,2,0,1,0,1,1,14.7,76.7,2.7,0,4.9,4.9,99,0,1,0,1,1,0,1,0,0,1,0,0,0,0,0,0,352,312,1,0.886363636,0.002840909,0.110795455
Lake.Forest ,11/30/2015,382,0,0,382,3,1,0,0,1,1,14.7,76.7,2.7,0,4.9,4.9,99,0,1,0,0,0,1,0,1,0,0,0,1,0,0,0,0,352,312,1,0.886363636,0.002840909,0.110795455
Lake.Forest ,12/14/2015,371,1,0.0027,372,2,0,1,0,1,1,14.7,76.7,2.7,0,4.9,4.9,99,0,1,0,0,0,1,0,1,0,0,0,1,0,0,0,0,352,312,1,0.886363636,0.002840909,0.110795455
Lake.Forest ,12/15/2015,375,4,0.0106,379,2,0,1,0,1,1,14.7,76.7,2.7,0,4.9,4.9,99,1,1,1,0,0,0,0,0,1,0,0,0,0,0,0,0,352,312,1,0.886363636,0.002840909,0.110795455
Lake.Forest ,12/16/2015,348,5,0.0142,353,2,0,1,0,1,1,14.7,76.7,2.7,0,4.9,4.9,99,0,1,0,0,1,0,0,1,0,0,1,0,0,0,0,0,352,312,1,0.886363636,0.002840909,0.110795455
Lake.Forest ,12/17/2015,339,40,0.1055,379,2,0,1,0,1,1,14.7,76.7,2.7,0,4.9,4.9,99,0,1,0,0,0,0,0,1,0,0,0,0,0,0,1,0,352,312,1,0.886363636,0.002840909,0.110795455
Lake.Forest ,3/4/2016,362,0,0,362,2,0,1,0,1,1,14.7,76.7,2.7,0,4.9,4.9,99,0,1,0,1,1,0,1,0,0,1,0,0,0,0,0,0,352,312,1,0.886363636,0.002840909,0.110795455
Lake.Forest ,3/7/2016,385,1,0.0026,386,2,0,1,0,1,1,14.7,76.7,2.7,0,4.9,4.9,99,0,1,0,0,0,1,0,1,0,0,0,1,0,0,0,0,352,312,1,0.886363636,0.002840909,0.110795455
Lake.Forest ,3/9/2016,412,0,0,412,2,0,1,0,1,1,14.7,76.7,2.7,0,4.9,4.9,99,0,1,1,0,1,0,0,0,0,0,1,0,0,0,0,0,352,312,1,0.886363636,0.002840909,0.110795455
Lake.Forest ,3/11/2016,379,1,0.0026,380,2,0,1,0,1,1,14.7,76.7,2.7,0,4.9,4.9,99,0,1,0,1,0,0,0,0,0,1,0,0,0,0,0,0,352,312,1,0.886363636,0.002840909,0.110795455
Lake.Forest ,3/14/2016,393,1,0.0025,394,2,0,1,0,1,1,14.7,76.7,2.7,0,4.9,4.9,99,0,1,0,0,1,0,0,1,0,0,0,1,0,0,0,0,352,312,1,0.886363636,0.002840909,0.110795455
Lake.Forest ,3/16/2016,372,1,0.0027,373,2,0,1,0,1,1,14.7,76.7,2.7,0,4.9,4.9,99,1,1,0,0,0,0,0,1,0,0,1,0,0,0,0,0,352,312,1,0.886363636,0.002840909,0.110795455
Lake.Forest ,3/18/2016,382,1,0.0026,383,2,0,1,0,1,1,14.7,76.7,2.7,0,4.9,4.9,99,1,1,1,1,0,0,0,0,0,1,0,0,0,0,0,0,352,312,1,0.886363636,0.002840909,0.110795455
Lake.Forest ,3/28/2016,402,1,0.0025,403,2,0,1,0,1,1,14.7,76.7,2.7,0,4.9,4.9,99,0,1,0,0,0,1,0,1,0,0,0,1,0,0,0,0,352,312,1,0.886363636,0.002840909,0.110795455
Lake.Forest ,4/4/2016,428,0,0,428,2,0,1,0,1,1,14.7,76.7,2.7,0,4.9,4.9,99,0,1,0,0,0,1,0,1,0,0,0,1,0,0,0,0,352,312,1,0.886363636,0.002840909,0.110795455
Lake.Forest ,4/5/2016,388,1,0.0026,389,2,0,1,0,1,1,14.7,76.7,2.7,0,4.9,4.9,99,0,1,1,0,0,0,1,0,1,0,0,0,0,0,0,0,352,312,1,0.886363636,0.002840909,0.110795455
Lake.Forest ,4/11/2016,413,1,0.0024,414,2,0,1,0,1,1,14.7,76.7,2.7,0,4.9,4.9,99,0,1,0,0,1,0,0,1,0,0,0,1,0,0,0,0,352,312,1,0.886363636,0.002840909,0.110795455
Lake.Forest ,4/15/2016,382,1,0.0026,383,2,0,1,0,1,1,14.7,76.7,2.7,0,4.9,4.9,99,1,1,1,1,0,0,0,0,0,1,0,0,0,0,0,0,352,312,1,0.886363636,0.002840909,0.110795455
Lake.Forest ,4/25/2016,376,3,0.0079,379,2,0,1,0,1,1,14.7,76.7,2.7,0,4.9,4.9,99,1,1,0,0,0,1,0,1,0,0,0,1,0,0,0,0,352,312,1,0.886363636,0.002840909,0.110795455
Lake.Forest ,4/27/2016,413,0,0,413,2,0,1,0,1,1,14.7,76.7,2.7,0,4.9,4.9,99,0,1,1,0,1,0,0,1,0,0,1,0,0,0,0,0,352,312,1,0.886363636,0.002840909,0.110795455
Lake.Forest ,5/9/2016,394,2,0.0051,396,2,0,1,0,1,1,14.7,76.7,2.7,0,4.9,4.9,99,0,1,0,0,0,1,0,1,0,1,0,0,0,0,0,0,352,312,1,0.886363636,0.002840909,0.110795455
Lake.Forest ,5/13/2016,312,1,0.0032,313,2,0,1,0,1,1,14.7,76.7,2.7,0,4.9,4.9,99,0,1,0,1,1,0,1,0,0,0,0,1,0,0,0,0,352,312,1,0.886363636,0.002840909,0.110795455
Lake.Forest ,5/16/2016,420,1,0.0024,421,2,0,1,0,1,1,14.7,76.7,2.7,0,4.9,4.9,99,0,1,0,0,1,0,1,0,0,1,0,0,0,0,0,0,352,312,1,0.886363636,0.002840909,0.110795455
Lake.Forest ,5/23/2016,373,1,0.0027,374,2,0,1,0,1,1,14.7,76.7,2.7,0,4.9,4.9,99,0,1,0,0,1,0,0,1,0,1,0,0,0,0,0,0,352,312,1,0.886363636,0.002840909,0.110795455
Lake.Forest ,5/26/2016,410,1,0.0024,411,2,0,1,0,1,1,14.7,76.7,2.7,0,4.9,4.9,99,1,1,0,0,0,1,0,1,0,0,0,0,0,0,0,1,352,312,1,0.886363636,0.002840909,0.110795455
Lake.Forest ,5/27/2016,412,0,0,412,2,0,1,0,1,1,14.7,76.7,2.7,0,4.9,4.9,99,0,1,0,1,0,0,1,1,0,0,0,0,0,0,0,1,352,312,1,0.886363636,0.002840909,0.110795455
Littlewood ,10/14/2015,507,67,0.1167,574,2,0,1,0,1,1,41.1,32.5,13.6,4.4,8.3,12.7,99.9,0,1,1,0,1,0,0,0,0,0,1,0,0,0,0,0,720,333,13,0.4625,0.018055556,0.519444444
Littlewood ,10/16/2015,489,21,0.0412,510,2,0,1,0,1,1,41.1,32.5,13.6,4.4,8.3,12.7,99.9,0,1,0,1,0,0,1,0,0,1,0,0,0,0,0,0,720,333,13,0.4625,0.018055556,0.519444444
Littlewood ,10/19/2015,476,60,0.1119,536,2,0,1,0,1,1,41.1,32.5,13.6,4.4,8.3,12.7,99.9,0,1,0,0,1,0,0,1,0,0,0,1,0,0,0,0,720,333,13,0.4625,0.018055556,0.519444444
Littlewood ,10/21/2015,495,34,0.0643,529,2,0,1,0,1,1,41.1,32.5,13.6,4.4,8.3,12.7,99.9,0,1,0,0,0,1,0,1,0,0,1,0,0,0,0,0,720,333,13,0.4625,0.018055556,0.519444444
Littlewood ,10/23/2015,82,10,0.1087,92,2,0,1,0,1,1,41.1,32.5,13.6,4.4,8.3,12.7,99.9,0,1,1,1,0,0,0,0,0,1,0,0,0,0,0,0,720,333,13,0.4625,0.018055556,0.519444444
Littlewood ,10/26/2015,507,43,0.0782,550,2,0,1,0,1,1,41.1,32.5,13.6,4.4,8.3,12.7,99.9,0,1,0,0,0,1,0,1,0,0,0,1,0,0,0,0,720,333,13,0.4625,0.018055556,0.519444444
Littlewood ,10/28/2015,487,37,0.0706,524,2,0,1,0,1,1,41.1,32.5,13.6,4.4,8.3,12.7,99.9,1,1,0,0,1,0,0,1,0,0,1,0,0,0,1,0,720,333,13,0.4625,0.018055556,0.519444444
Littlewood ,11/2/2015,522,29,0.0526,551,2,0,1,0,1,1,41.1,32.5,13.6,4.4,8.3,12.7,99.9,0,1,0,0,0,1,0,1,0,0,0,1,0,0,0,0,720,333,13,0.4625,0.018055556,0.519444444
Littlewood ,11/4/2015,497,38,0.071,535,2,0,1,0,1,1,41.1,32.5,13.6,4.4,8.3,12.7,99.9,0,1,1,0,1,0,0,0,0,0,1,0,0,0,0,0,720,333,13,0.4625,0.018055556,0.519444444
Littlewood ,11/9/2015,453,39,0.0793,492,2,0,1,0,1,1,41.1,32.5,13.6,4.4,8.3,12.7,99.9,0,1,0,0,1,0,0,1,0,0,0,1,0,0,0,0,720,333,13,0.4625,0.018055556,0.519444444
Littlewood ,11/13/2015,559,8,0.0141,567,2,0,1,0,1,1,41.1,32.5,13.6,4.4,8.3,12.7,99.9,0,1,0,1,0,0,0,0,0,1,0,0,0,0,1,0,720,333,13,0.4625,0.018055556,0.519444444
Littlewood ,11/16/2015,499,35,0.0655,534,2,0,1,0,1,1,41.1,32.5,13.6,4.4,8.3,12.7,99.9,0,1,0,0,0,1,0,1,0,0,0,1,0,0,1,0,720,333,13,0.4625,0.018055556,0.519444444
Littlewood ,11/18/2015,489,33,0.0632,522,2,0,1,0,1,1,41.1,32.5,13.6,4.4,8.3,12.7,99.9,1,1,0,0,1,0,0,1,0,0,1,0,0,0,0,0,720,333,13,0.4625,0.018055556,0.519444444
Littlewood ,11/20/2015,529,22,0.0399,551,2,0,1,0,1,1,41.1,32.5,13.6,4.4,8.3,12.7,99.9,0,1,0,1,0,0,1,0,0,1,0,0,0,0,0,0,720,333,13,0.4625,0.018055556,0.519444444
Littlewood ,11/30/2015,536,19,0.0342,555,3,1,0,0,1,1,41.1,32.5,13.6,4.4,8.3,12.7,99.9,0,1,0,0,0,1,0,1,0,0,0,1,0,0,0,0,720,333,13,0.4625,0.018055556,0.519444444
Littlewood ,12/2/2015,465,53,0.1023,518,3,1,0,0,1,1,41.1,32.5,13.6,4.4,8.3,12.7,99.9,0,1,1,0,1,0,0,0,0,0,1,0,0,0,0,0,720,333,13,0.4625,0.018055556,0.519444444
Littlewood ,12/7/2015,431,36,0.0771,467,3,1,0,0,1,1,41.1,32.5,13.6,4.4,8.3,12.7,99.9,0,1,0,0,1,0,0,1,0,0,0,1,0,0,0,0,720,333,13,0.4625,0.018055556,0.519444444
Littlewood ,12/9/2015,544,19,0.0337,563,3,1,0,0,1,1,41.1,32.5,13.6,4.4,8.3,12.7,99.9,0,1,0,0,0,1,0,1,0,0,1,0,0,0,0,0,720,333,13,0.4625,0.018055556,0.519444444
Littlewood ,12/14/2015,526,25,0.0454,551,2,0,1,0,1,1,41.1,32.5,13.6,4.4,8.3,12.7,99.9,0,1,0,0,0,1,0,1,0,0,0,1,0,0,0,0,720,333,13,0.4625,0.018055556,0.519444444
Littlewood ,12/16/2015,510,20,0.0377,530,2,0,1,0,1,1,41.1,32.5,13.6,4.4,8.3,12.7,99.9,1,1,0,0,1,0,0,1,0,0,1,0,0,0,0,0,720,333,13,0.4625,0.018055556,0.519444444
Littlewood ,12/18/2015,512,23,0.043,535,2,0,1,0,1,1,41.1,32.5,13.6,4.4,8.3,12.7,99.9,0,1,0,1,0,0,1,0,0,1,0,0,0,0,0,0,720,333,13,0.4625,0.018055556,0.519444444
Littlewood ,3/4/2016,510,22,0.0414,532,2,0,1,0,1,1,41.1,32.5,13.6,4.4,8.3,12.7,99.9,0,1,0,1,0,0,1,0,0,1,0,0,0,0,1,0,720,333,13,0.4625,0.018055556,0.519444444
Littlewood ,3/7/2016,507,26,0.0488,533,2,0,1,0,1,1,41.1,32.5,13.6,4.4,8.3,12.7,99.9,0,1,0,0,0,1,0,1,0,0,0,1,0,0,0,0,720,333,13,0.4625,0.018055556,0.519444444
Littlewood ,3/9/2016,455,22,0.0461,477,2,0,1,0,1,1,41.1,32.5,13.6,4.4,8.3,12.7,99.9,0,1,1,0,1,0,0,0,0,0,1,0,0,0,0,0,720,333,13,0.4625,0.018055556,0.519444444
Littlewood ,3/11/2016,422,8,0.0186,430,2,0,1,0,1,1,41.1,32.5,13.6,4.4,8.3,12.7,99.9,0,1,0,1,0,0,0,0,0,1,0,0,0,0,0,0,720,333,13,0.4625,0.018055556,0.519444444
Littlewood ,3/14/2016,460,30,0.0612,490,2,0,1,0,1,1,41.1,32.5,13.6,4.4,8.3,12.7,99.9,0,1,0,0,1,0,0,1,0,0,0,1,0,0,0,0,720,333,13,0.4625,0.018055556,0.519444444
Littlewood ,3/16/2016,488,31,0.0597,519,2,0,1,0,1,1,41.1,32.5,13.6,4.4,8.3,12.7,99.9,1,1,0,0,0,0,0,1,0,0,1,0,0,0,0,0,720,333,13,0.4625,0.018055556,0.519444444
Littlewood ,3/18/2016,498,15,0.0292,513,2,0,1,0,1,1,41.1,32.5,13.6,4.4,8.3,12.7,99.9,0,1,0,1,0,0,0,0,0,1,0,0,0,0,0,0,720,333,13,0.4625,0.018055556,0.519444444
Littlewood ,3/28/2016,490,35,0.0667,525,2,0,1,0,1,1,41.1,32.5,13.6,4.4,8.3,12.7,99.9,0,1,0,0,0,1,0,1,0,0,0,1,0,0,0,0,720,333,13,0.4625,0.018055556,0.519444444
Littlewood ,3/30/2016,523,9,0.0169,532,2,0,1,0,1,1,41.1,32.5,13.6,4.4,8.3,12.7,99.9,0,1,0,0,1,0,0,1,0,0,1,0,0,0,0,0,720,333,13,0.4625,0.018055556,0.519444444
Littlewood ,4/5/2016,485,50,0.0935,535,2,0,1,0,1,1,41.1,32.5,13.6,4.4,8.3,12.7,99.9,0,1,1,0,0,0,1,0,1,0,0,0,0,0,0,0,720,333,13,0.4625,0.018055556,0.519444444
Littlewood ,4/7/2016,350,16,0.0437,366,2,0,1,0,1,1,41.1,32.5,13.6,4.4,8.3,12.7,99.9,0,1,0,0,0,1,1,0,0,0,0,0,0,0,1,0,720,333,13,0.4625,0.018055556,0.519444444
Littlewood ,4/11/2016,360,36,0.0909,396,2,0,1,0,1,1,41.1,32.5,13.6,4.4,8.3,12.7,99.9,0,1,0,0,1,0,0,1,0,0,0,1,0,0,0,0,720,333,13,0.4625,0.018055556,0.519444444
Littlewood ,4/12/2016,525,19,0.0349,544,2,0,1,0,1,1,41.1,32.5,13.6,4.4,8.3,12.7,99.9,1,1,0,0,1,0,0,0,1,0,0,0,0,0,0,0,720,333,13,0.4625,0.018055556,0.519444444
Littlewood ,4/13/2016,508,17,0.0324,525,2,0,1,0,1,1,41.1,32.5,13.6,4.4,8.3,12.7,99.9,1,1,0,0,0,0,0,1,1,0,0,0,0,0,0,0,720,333,13,0.4625,0.018055556,0.519444444
Littlewood ,4/14/2016,331,12,0.035,343,2,0,1,0,1,1,41.1,32.5,13.6,4.4,8.3,12.7,99.9,0,1,0,0,0,1,1,0,0,0,0,0,0,0,1,0,720,333,13,0.4625,0.018055556,0.519444444
Littlewood ,4/15/2016,530,15,0.0275,545,2,0,1,0,1,1,41.1,32.5,13.6,4.4,8.3,12.7,99.9,0,1,1,1,0,0,0,0,0,1,0,0,0,0,0,0,720,333,13,0.4625,0.018055556,0.519444444
Littlewood ,4/25/2016,515,14,0.0265,529,2,0,1,0,1,1,41.1,32.5,13.6,4.4,8.3,12.7,99.9,0,1,0,0,0,1,0,1,0,0,0,1,0,0,0,0,720,333,13,0.4625,0.018055556,0.519444444
Littlewood ,4/27/2016,530,10,0.0185,540,2,0,1,0,1,1,41.1,32.5,13.6,4.4,8.3,12.7,99.9,0,1,1,0,1,0,0,1,0,0,1,0,0,0,0,0,720,333,13,0.4625,0.018055556,0.519444444
Littlewood ,4/29/2016,428,9,0.0206,437,2,0,1,0,1,1,41.1,32.5,13.6,4.4,8.3,12.7,99.9,0,1,0,1,0,0,0,1,0,1,0,0,0,0,0,0,720,333,13,0.4625,0.018055556,0.519444444
Littlewood ,5/2/2016,493,25,0.0483,518,2,0,1,0,1,1,41.1,32.5,13.6,4.4,8.3,12.7,99.9,0,1,0,0,1,0,0,1,0,0,0,1,0,0,0,0,720,333,13,0.4625,0.018055556,0.519444444
Littlewood ,5/4/2016,491,36,0.0683,527,2,0,1,0,1,1,41.1,32.5,13.6,4.4,8.3,12.7,99.9,0,1,0,0,1,0,0,1,0,0,1,0,0,0,0,0,720,333,13,0.4625,0.018055556,0.519444444
Littlewood ,5/5/2016,337,6,0.0175,343,2,0,1,0,1,1,41.1,32.5,13.6,4.4,8.3,12.7,99.9,0,1,0,0,0,1,1,1,0,0,1,0,0,0,0,0,720,333,13,0.4625,0.018055556,0.519444444
Littlewood ,5/6/2016,544,12,0.0216,556,2,0,1,0,1,1,41.1,32.5,13.6,4.4,8.3,12.7,99.9,0,1,1,1,0,0,0,1,0,1,0,0,0,0,1,0,720,333,13,0.4625,0.018055556,0.519444444
Littlewood ,5/20/2016,443,14,0.0306,457,2,0,1,0,1,1,41.1,32.5,13.6,4.4,8.3,12.7,99.9,0,1,0,1,0,0,0,1,0,0,0,1,0,0,0,1,720,333,13,0.4625,0.018055556,0.519444444
Littlewood ,5/23/2016,511,20,0.0377,531,2,0,1,0,1,1,41.1,32.5,13.6,4.4,8.3,12.7,99.9,0,1,0,0,1,0,0,1,0,1,0,0,0,0,0,0,720,333,13,0.4625,0.018055556,0.519444444
Littlewood ,5/25/2016,436,8,0.018,444,2,0,1,0,1,1,41.1,32.5,13.6,4.4,8.3,12.7,99.9,0,1,0,0,1,0,0,1,0,0,1,0,0,0,0,0,720,333,13,0.4625,0.018055556,0.519444444
Littlewood ,5/26/2016,523,15,0.0279,538,2,0,1,0,1,1,41.1,32.5,13.6,4.4,8.3,12.7,99.9,1,1,0,0,0,1,0,1,0,0,0,0,0,0,0,1,720,333,13,0.4625,0.018055556,0.519444444
Littlewood ,5/27/2016,526,5,0.0094,531,2,0,1,0,1,1,41.1,32.5,13.6,4.4,8.3,12.7,99.9,0,1,0,1,0,0,1,1,0,0,0,1,0,0,0,0,720,333,13,0.4625,0.018055556,0.519444444
Meadowbrook,12/18/2015,340,7,0.0202,347,2,0,1,0,1,1,54.7,20.2,10.4,5.8,8.6,14.4,99.7,0,1,0,1,0,0,1,0,0,1,0,0,0,0,0,0,810,256,35,0.316049383,0.043209877,0.640740741
Meadowbrook,3/7/2016,303,9,0.0288,312,2,0,1,0,1,1,54.7,20.2,10.4,5.8,8.6,14.4,99.7,0,1,0,1,0,1,0,1,0,0,0,1,0,0,0,0,810,256,35,0.316049383,0.043209877,0.640740741
Meadowbrook,3/9/2016,312,9,0.028,321,2,0,1,0,1,1,54.7,20.2,10.4,5.8,8.6,14.4,99.7,0,1,1,0,1,0,0,0,0,0,1,0,0,0,0,0,810,256,35,0.316049383,0.043209877,0.640740741
Meadowbrook,3/14/2016,250,9,0.0347,259,2,0,1,0,1,1,54.7,20.2,10.4,5.8,8.6,14.4,99.7,0,1,0,0,1,0,0,1,0,0,0,1,0,0,0,0,810,256,35,0.316049383,0.043209877,0.640740741
Meadowbrook,3/16/2016,308,16,0.0494,324,2,0,1,0,1,1,54.7,20.2,10.4,5.8,8.6,14.4,99.7,1,1,0,0,0,0,0,1,1,0,1,0,0,0,0,0,810,256,35,0.316049383,0.043209877,0.640740741
Meadowbrook,3/28/2016,310,15,0.0462,325,2,0,1,0,1,1,54.7,20.2,10.4,5.8,8.6,14.4,99.7,0,1,0,0,0,1,0,1,0,0,0,1,0,0,0,0,810,256,35,0.316049383,0.043209877,0.640740741
Meadowbrook,3/29/2016,319,7,0.0215,326,2,0,1,0,1,1,54.7,20.2,10.4,5.8,8.6,14.4,99.7,1,1,1,0,0,0,0,0,1,0,0,1,0,0,0,0,810,256,35,0.316049383,0.043209877,0.640740741
Meadowbrook,3/30/2016,344,9,0.0255,353,2,0,1,0,1,1,54.7,20.2,10.4,5.8,8.6,14.4,99.7,0,1,0,0,1,0,0,1,1,0,1,0,0,0,0,0,810,256,35,0.316049383,0.043209877,0.640740741
Meadowbrook,4/1/2016,396,1,0.0025,397,2,0,1,0,1,1,54.7,20.2,10.4,5.8,8.6,14.4,99.7,0,1,0,1,0,0,1,0,0,1,0,0,0,0,0,0,810,256,35,0.316049383,0.043209877,0.640740741
Meadowbrook,4/5/2016,245,21,0.0789,266,2,0,1,0,1,1,54.7,20.2,10.4,5.8,8.6,14.4,99.7,1,1,1,0,0,0,1,1,1,0,0,0,0,0,0,0,810,256,35,0.316049383,0.043209877,0.640740741
Meadowbrook,4/7/2016,299,12,0.0386,311,2,0,1,0,1,1,54.7,20.2,10.4,5.8,8.6,14.4,99.7,0,1,0,0,1,1,1,1,0,0,1,1,0,0,0,0,810,256,35,0.316049383,0.043209877,0.640740741
Meadowbrook,4/11/2016,216,7,0.0314,223,2,0,1,0,1,1,54.7,20.2,10.4,5.8,8.6,14.4,99.7,0,1,0,0,1,0,0,1,0,0,0,1,0,0,0,0,810,256,35,0.316049383,0.043209877,0.640740741
Meadowbrook,4/12/2016,332,2,0.006,334,2,0,1,0,1,1,54.7,20.2,10.4,5.8,8.6,14.4,99.7,1,1,0,0,1,0,0,1,1,0,0,1,0,0,0,0,810,256,35,0.316049383,0.043209877,0.640740741
Meadowbrook,4/13/2016,322,14,0.0417,336,2,0,1,0,1,1,54.7,20.2,10.4,5.8,8.6,14.4,99.7,1,1,0,1,0,0,0,1,1,0,1,0,0,0,0,0,810,256,35,0.316049383,0.043209877,0.640740741
Meadowbrook,4/15/2016,392,3,0.0076,395,2,0,1,0,1,1,54.7,20.2,10.4,5.8,8.6,14.4,99.7,0,1,1,1,0,0,0,1,0,1,0,0,0,0,0,0,810,256,35,0.316049383,0.043209877,0.640740741
Meadowbrook,4/25/2016,293,8,0.0266,301,2,0,1,0,1,1,54.7,20.2,10.4,5.8,8.6,14.4,99.7,0,1,0,0,0,1,0,1,0,0,0,1,0,0,0,0,810,256,35,0.316049383,0.043209877,0.640740741
Meadowbrook,4/26/2016,294,5,0.0167,299,2,0,1,0,1,1,54.7,20.2,10.4,5.8,8.6,14.4,99.7,0,1,1,0,0,0,1,1,1,0,0,1,0,0,0,0,810,256,35,0.316049383,0.043209877,0.640740741
Meadowbrook,4/27/2016,315,8,0.0248,323,2,0,1,0,1,1,54.7,20.2,10.4,5.8,8.6,14.4,99.7,0,1,1,0,1,0,0,1,0,0,1,0,0,0,0,0,810,256,35,0.316049383,0.043209877,0.640740741
Meadowbrook,4/28/2016,284,3,0.0105,287,2,0,1,0,1,1,54.7,20.2,10.4,5.8,8.6,14.4,99.7,0,1,0,0,0,1,1,1,0,0,1,0,0,0,0,0,810,256,35,0.316049383,0.043209877,0.640740741
Meadowbrook,4/29/2016,337,1,0.003,338,2,0,1,0,1,1,54.7,20.2,10.4,5.8,8.6,14.4,99.7,0,1,0,1,0,0,0,1,0,1,0,0,0,0,0,0,810,256,35,0.316049383,0.043209877,0.640740741
Meadowbrook,5/2/2016,274,2,0.0072,276,2,0,1,0,1,1,54.7,20.2,10.4,5.8,8.6,14.4,99.7,0,1,0,0,1,0,0,1,0,0,0,1,0,0,0,0,810,256,35,0.316049383,0.043209877,0.640740741
Meadowbrook,5/4/2016,310,6,0.019,316,2,0,1,0,1,1,54.7,20.2,10.4,5.8,8.6,14.4,99.7,1,1,0,0,0,0,0,1,1,0,1,0,0,0,0,0,810,256,35,0.316049383,0.043209877,0.640740741
Meadowbrook,5/6/2016,401,1,0.0025,402,2,0,1,0,1,1,54.7,20.2,10.4,5.8,8.6,14.4,99.7,0,1,1,1,0,0,0,1,0,1,0,0,0,0,0,0,810,256,35,0.316049383,0.043209877,0.640740741
Metcalfe,12/2/2015,257,20,0.0722,277,3,1,0,0,1,1,7.3,88.3,0,0,0,0,95.6,0,1,1,0,1,0,0,0,0,0,1,0,0,0,0,0,316,262,2,0.829113924,0.006329114,0.164556962
Metcalfe,12/4/2015,225,9,0.0385,234,3,1,0,0,1,1,7.3,88.3,0,0,0,0,95.6,0,1,0,1,0,0,0,0,0,1,0,0,0,0,0,0,316,262,2,0.829113924,0.006329114,0.164556962
Metcalfe,12/7/2015,261,10,0.0369,271,3,1,0,0,1,1,7.3,88.3,0,0,0,0,95.6,0,1,0,0,1,0,0,1,0,0,0,1,0,0,0,0,316,262,2,0.829113924,0.006329114,0.164556962
Metcalfe,12/9/2015,259,19,0.0683,278,3,1,0,0,1,1,7.3,88.3,0,0,0,0,95.6,0,1,0,0,0,1,0,1,0,0,1,0,0,0,0,0,316,262,2,0.829113924,0.006329114,0.164556962
Metcalfe,12/11/2015,245,20,0.0755,265,3,1,0,0,1,1,7.3,88.3,0,0,0,0,95.6,0,1,1,1,0,0,0,0,0,1,0,0,0,0,0,0,316,262,2,0.829113924,0.006329114,0.164556962
Metcalfe,12/14/2015,264,10,0.0365,274,2,0,1,0,1,1,7.3,88.3,0,0,0,0,95.6,0,1,0,0,0,1,0,1,0,0,0,1,0,0,0,0,316,262,2,0.829113924,0.006329114,0.164556962
Metcalfe,12/15/2015,210,10,0.0455,220,2,0,1,0,1,1,7.3,88.3,0,0,0,0,95.6,1,1,1,0,0,0,0,0,1,0,0,0,0,0,0,0,316,262,2,0.829113924,0.006329114,0.164556962
Metcalfe,12/16/2015,186,20,0.0971,206,2,0,1,0,1,1,7.3,88.3,0,0,0,0,95.6,0,1,0,0,0,0,0,1,0,0,1,0,0,0,0,0,316,262,2,0.829113924,0.006329114,0.164556962
Metcalfe,12/18/2015,181,10,0.0524,191,2,0,1,0,1,1,7.3,88.3,0,0,0,0,95.6,0,1,0,1,0,0,1,0,0,1,0,0,0,0,0,0,316,262,2,0.829113924,0.006329114,0.164556962
Metcalfe,3/4/2016,216,19,0.0809,235,2,0,1,0,1,1,7.3,88.3,0,0,0,0,95.6,0,1,0,1,0,0,1,0,0,1,0,0,0,0,0,0,316,262,2,0.829113924,0.006329114,0.164556962
Metcalfe,3/7/2016,240,3,0.0123,243,2,0,1,0,1,1,7.3,88.3,0,0,0,0,95.6,0,1,0,0,0,1,0,1,0,0,0,1,0,0,0,0,316,262,2,0.829113924,0.006329114,0.164556962
Metcalfe,3/9/2016,213,19,0.0819,232,2,0,1,0,1,1,7.3,88.3,0,0,0,0,95.6,0,1,1,0,1,0,0,0,0,0,1,0,0,0,0,0,316,262,2,0.829113924,0.006329114,0.164556962
Metcalfe,3/11/2016,204,19,0.0852,223,2,0,1,0,1,1,7.3,88.3,0,0,0,0,95.6,0,1,0,1,0,0,0,0,0,1,0,0,0,0,0,0,316,262,2,0.829113924,0.006329114,0.164556962
Metcalfe,3/14/2016,237,9,0.0366,246,2,0,1,0,1,1,7.3,88.3,0,0,0,0,95.6,0,1,0,0,1,0,0,1,0,0,0,1,0,0,0,0,316,262,2,0.829113924,0.006329114,0.164556962
Metcalfe,3/16/2016,240,19,0.0734,259,2,0,1,0,1,1,7.3,88.3,0,0,0,0,95.6,1,1,0,0,0,0,0,1,0,0,1,0,0,0,0,0,316,262,2,0.829113924,0.006329114,0.164556962
Metcalfe,3/18/2016,214,19,0.0815,233,2,0,1,0,1,1,7.3,88.3,0,0,0,0,95.6,0,1,1,1,0,0,0,0,0,1,0,0,0,0,0,0,316,262,2,0.829113924,0.006329114,0.164556962
Metcalfe,3/28/2016,235,5,0.0208,240,2,0,1,0,1,1,7.3,88.3,0,0,0,0,95.6,0,1,0,0,0,1,0,1,0,0,0,1,0,0,0,0,316,262,2,0.829113924,0.006329114,0.164556962
Metcalfe,3/30/2016,226,10,0.0424,236,2,0,1,0,1,1,7.3,88.3,0,0,0,0,95.6,0,1,0,0,1,0,0,1,0,0,1,0,0,0,0,0,316,262,2,0.829113924,0.006329114,0.164556962
Metcalfe,4/4/2016,243,5,0.0202,248,2,0,1,0,1,1,7.3,88.3,0,0,0,0,95.6,0,1,0,0,0,1,0,1,0,0,0,1,0,0,0,0,316,262,2,0.829113924,0.006329114,0.164556962
Metcalfe,4/5/2016,229,5,0.0214,234,2,0,1,0,1,1,7.3,88.3,0,0,0,0,95.6,0,1,1,0,0,0,1,0,1,0,0,0,0,0,0,0,316,262,2,0.829113924,0.006329114,0.164556962
Metcalfe,4/6/2016,238,18,0.0703,256,2,0,1,0,1,1,7.3,88.3,0,0,0,0,95.6,0,1,1,0,1,0,0,0,0,0,1,0,0,0,0,0,316,262,2,0.829113924,0.006329114,0.164556962
Metcalfe,4/11/2016,234,10,0.041,244,2,0,1,0,1,1,7.3,88.3,0,0,0,0,95.6,0,1,0,0,1,0,0,1,0,0,0,1,0,0,0,0,316,262,2,0.829113924,0.006329114,0.164556962
Metcalfe,4/12/2016,249,10,0.0386,259,2,0,1,0,1,1,7.3,88.3,0,0,0,0,95.6,1,1,0,0,1,0,0,0,1,0,0,0,0,0,0,0,316,262,2,0.829113924,0.006329114,0.164556962
Metcalfe,4/13/2016,230,20,0.08,250,2,0,1,0,1,1,7.3,88.3,0,0,0,0,95.6,1,1,0,0,0,0,0,1,0,0,1,0,0,0,0,0,316,262,2,0.829113924,0.006329114,0.164556962
Metcalfe,4/15/2016,229,20,0.0803,249,2,0,1,0,1,1,7.3,88.3,0,0,0,0,95.6,0,1,1,1,0,0,0,0,0,1,0,0,0,0,0,0,316,262,2,0.829113924,0.006329114,0.164556962
Metcalfe,4/25/2016,223,5,0.0219,228,2,0,1,0,1,1,7.3,88.3,0,0,0,0,95.6,0,1,0,0,0,1,0,1,0,0,0,1,0,0,0,0,316,262,2,0.829113924,0.006329114,0.164556962
Metcalfe,4/26/2016,251,4,0.0157,255,2,0,1,0,1,1,7.3,88.3,0,0,0,0,95.6,0,1,1,0,0,0,1,0,1,0,0,0,0,0,0,0,316,262,2,0.829113924,0.006329114,0.164556962
Metcalfe,4/27/2016,210,19,0.083,229,2,0,1,0,1,1,7.3,88.3,0,0,0,0,95.6,0,1,1,0,1,0,0,0,0,0,1,0,0,0,0,0,316,262,2,0.829113924,0.006329114,0.164556962
Metcalfe,4/29/2016,183,19,0.0941,202,2,0,1,0,1,1,7.3,88.3,0,0,0,0,95.6,0,1,0,1,0,0,0,0,0,1,0,0,0,0,0,0,316,262,2,0.829113924,0.006329114,0.164556962
Metcalfe,5/2/2016,243,5,0.0202,248,2,0,1,0,1,1,7.3,88.3,0,0,0,0,95.6,0,1,0,0,1,0,0,1,0,0,0,1,0,0,0,0,316,262,2,0.829113924,0.006329114,0.164556962
Metcalfe,5/4/2016,236,20,0.0781,256,2,0,1,0,1,1,7.3,88.3,0,0,0,0,95.6,1,1,0,0,0,0,0,1,0,0,1,0,0,0,0,0,316,262,2,0.829113924,0.006329114,0.164556962
Metcalfe,5/6/2016,217,20,0.0844,237,2,0,1,0,1,1,7.3,88.3,0,0,0,0,95.6,0,1,1,1,0,0,0,0,0,1,0,0,0,0,0,0,316,262,2,0.829113924,0.006329114,0.164556962
Metcalfe,5/9/2016,230,20,0.08,250,2,0,1,0,1,1,7.3,88.3,0,0,0,0,95.6,0,1,0,0,0,1,0,1,0,1,0,0,0,0,0,0,316,262,2,0.829113924,0.006329114,0.164556962
Metcalfe,5/11/2016,235,8,0.0329,243,2,0,1,0,1,1,7.3,88.3,0,0,0,0,95.6,0,1,0,0,1,0,0,1,0,0,1,0,0,0,0,0,316,262,2,0.829113924,0.006329114,0.164556962
Metcalfe,5/16/2016,194,20,0.0935,214,2,0,1,0,1,1,7.3,88.3,0,0,0,0,95.6,0,1,0,0,1,0,1,0,0,1,0,0,0,0,0,0,316,262,2,0.829113924,0.006329114,0.164556962
Metcalfe,5/18/2016,229,19,0.0766,248,2,0,1,0,1,1,7.3,88.3,0,0,0,0,95.6,1,1,0,0,0,0,0,1,0,0,1,0,0,0,0,0,316,262,2,0.829113924,0.006329114,0.164556962
Metcalfe,5/19/2016,232,5,0.0211,237,2,0,1,0,1,1,7.3,88.3,0,0,0,0,95.6,1,1,0,0,1,0,0,0,0,0,0,0,0,0,0,1,316,262,2,0.829113924,0.006329114,0.164556962
Metcalfe,5/20/2016,220,5,0.0222,225,2,0,1,0,1,1,7.3,88.3,0,0,0,0,95.6,0,1,0,1,0,0,0,0,0,0,0,1,0,0,0,0,316,262,2,0.829113924,0.006329114,0.164556962
Metcalfe,5/23/2016,199,20,0.0913,219,2,0,1,0,1,1,7.3,88.3,0,0,0,0,95.6,0,1,0,0,1,0,0,1,0,1,0,0,0,0,0,0,316,262,2,0.829113924,0.006329114,0.164556962
Metcalfe,5/25/2016,212,20,0.0862,232,2,0,1,0,1,1,7.3,88.3,0,0,0,0,95.6,0,1,0,0,1,0,0,1,0,0,1,0,0,0,0,0,316,262,2,0.829113924,0.006329114,0.164556962
Metcalfe,5/26/2016,241,5,0.0203,246,2,0,1,0,1,1,7.3,88.3,0,0,0,0,95.6,1,1,0,0,0,1,0,0,0,0,0,0,0,0,0,1,316,262,2,0.829113924,0.006329114,0.164556962
Metcalfe,5/27/2016,225,5,0.0217,230,2,0,1,0,1,1,7.3,88.3,0,0,0,0,95.6,0,1,0,1,0,0,1,0,0,0,0,1,0,0,0,0,316,262,2,0.829113924,0.006329114,0.164556962
Newberry,12/2/2015,395,17,0.0413,412,3,1,0,0,1,1,61.5,16.7,12,0,8.2,8.2,98.4,1,1,1,0,1,0,0,0,0,0,1,0,0,0,0,0,609,261,11,0.428571429,0.018062397,0.553366174
Newberry,12/4/2015,379,10,0.0257,389,3,1,0,0,1,1,61.5,16.7,12,0,8.2,8.2,98.4,1,1,0,1,0,0,0,0,0,1,0,0,0,0,0,0,609,261,11,0.428571429,0.018062397,0.553366174
Newberry,12/7/2015,322,30,0.0852,352,3,1,0,0,1,1,61.5,16.7,12,0,8.2,8.2,98.4,0,1,0,0,1,0,0,1,0,0,0,1,0,0,0,0,609,261,11,0.428571429,0.018062397,0.553366174
Newberry,12/9/2015,362,30,0.0765,392,3,1,0,0,1,1,61.5,16.7,12,0,8.2,8.2,98.4,0,1,0,0,1,1,0,0,0,0,1,0,0,0,0,0,609,261,11,0.428571429,0.018062397,0.553366174
Newberry,12/11/2015,450,10,0.0217,460,3,1,0,0,1,1,61.5,16.7,12,0,8.2,8.2,98.4,0,1,1,1,0,0,0,0,0,1,0,0,0,0,0,0,609,261,11,0.428571429,0.018062397,0.553366174
Newberry,12/16/2015,373,28,0.0698,401,2,0,1,0,1,1,61.5,16.7,12,0,8.2,8.2,98.4,1,1,0,0,1,0,0,1,0,0,1,0,0,0,0,0,609,261,11,0.428571429,0.018062397,0.553366174
Newberry,12/18/2015,421,7,0.0164,428,2,0,1,0,1,1,61.5,16.7,12,0,8.2,8.2,98.4,0,1,0,1,0,0,1,0,0,1,0,0,0,0,0,0,609,261,11,0.428571429,0.018062397,0.553366174
Newberry,3/4/2016,404,8,0.0194,412,2,0,1,0,1,1,61.5,16.7,12,0,8.2,8.2,98.4,0,1,0,1,0,0,1,0,0,1,0,0,0,0,0,0,609,261,11,0.428571429,0.018062397,0.553366174
Newberry,3/7/2016,328,20,0.0575,348,2,0,1,0,1,1,61.5,16.7,12,0,8.2,8.2,98.4,0,1,0,0,0,1,0,1,0,0,0,1,0,0,0,0,609,261,11,0.428571429,0.018062397,0.553366174
Newberry,3/9/2016,393,25,0.0598,418,2,0,1,0,1,1,61.5,16.7,12,0,8.2,8.2,98.4,0,1,1,0,1,0,0,0,0,0,1,0,0,0,0,0,609,261,11,0.428571429,0.018062397,0.553366174
Newberry,3/11/2016,377,5,0.0131,382,2,0,1,0,1,1,61.5,16.7,12,0,8.2,8.2,98.4,0,1,0,1,0,0,0,0,0,1,0,0,0,0,0,0,609,261,11,0.428571429,0.018062397,0.553366174
Newberry,3/14/2016,354,25,0.066,379,2,0,1,0,1,1,61.5,16.7,12,0,8.2,8.2,98.4,1,1,0,0,1,0,0,1,0,0,0,1,0,0,0,0,609,261,11,0.428571429,0.018062397,0.553366174
Newberry,3/16/2016,391,26,0.0624,417,2,0,1,0,1,1,61.5,16.7,12,0,8.2,8.2,98.4,1,1,0,0,1,0,0,0,0,0,1,0,0,0,0,0,609,261,11,0.428571429,0.018062397,0.553366174
Newberry,3/30/2016,425,14,0.0319,439,2,0,1,0,1,1,61.5,16.7,12,0,8.2,8.2,98.4,1,1,0,0,1,0,0,1,0,0,1,0,0,0,0,0,609,261,11,0.428571429,0.018062397,0.553366174
Newberry,4/4/2016,374,20,0.0508,394,2,0,1,0,1,1,61.5,16.7,12,0,8.2,8.2,98.4,1,1,0,0,1,1,0,1,0,0,0,1,0,0,0,0,609,261,11,0.428571429,0.018062397,0.553366174
Newberry,4/5/2016,366,15,0.0394,381,2,0,1,0,1,1,61.5,16.7,12,0,8.2,8.2,98.4,0,1,1,0,0,0,1,0,1,0,0,0,0,0,0,0,609,261,11,0.428571429,0.018062397,0.553366174
Newberry,4/6/2016,351,19,0.0514,370,2,0,1,0,1,1,61.5,16.7,12,0,8.2,8.2,98.4,0,1,1,0,1,0,0,0,1,0,1,0,0,0,0,0,609,261,11,0.428571429,0.018062397,0.553366174
Newberry,4/11/2016,337,30,0.0817,367,2,0,1,0,1,1,61.5,16.7,12,0,8.2,8.2,98.4,0,1,0,0,1,0,0,1,0,0,0,1,0,0,0,0,609,261,11,0.428571429,0.018062397,0.553366174
Newberry,4/12/2016,384,20,0.0495,404,2,0,1,0,1,1,61.5,16.7,12,0,8.2,8.2,98.4,1,1,0,0,1,0,0,0,1,0,0,0,0,0,0,0,609,261,11,0.428571429,0.018062397,0.553366174
Newberry,4/13/2016,381,16,0.0403,397,2,0,1,0,1,1,61.5,16.7,12,0,8.2,8.2,98.4,1,1,0,0,1,0,0,0,1,0,1,0,0,0,0,0,609,261,11,0.428571429,0.018062397,0.553366174
Newberry,4/14/2016,309,6,0.019,315,2,0,1,0,1,1,61.5,16.7,12,0,8.2,8.2,98.4,0,1,0,0,0,1,1,0,0,0,1,0,0,0,0,0,609,261,11,0.428571429,0.018062397,0.553366174
Newberry,4/15/2016,443,8,0.0177,451,2,0,1,0,1,1,61.5,16.7,12,0,8.2,8.2,98.4,0,1,1,1,0,0,0,0,0,1,0,0,0,0,0,0,609,261,11,0.428571429,0.018062397,0.553366174
Newberry,4/25/2016,389,10,0.0251,399,2,0,1,0,1,1,61.5,16.7,12,0,8.2,8.2,98.4,0,1,0,0,0,1,0,1,0,0,0,1,0,0,0,0,609,261,11,0.428571429,0.018062397,0.553366174
Newberry,4/26/2016,363,34,0.0856,397,2,0,1,0,1,1,61.5,16.7,12,0,8.2,8.2,98.4,0,1,1,0,0,0,1,0,1,0,0,1,0,0,1,0,609,261,11,0.428571429,0.018062397,0.553366174
Newberry,4/27/2016,387,29,0.0697,416,2,0,1,0,1,1,61.5,16.7,12,0,8.2,8.2,98.4,0,1,1,0,1,0,0,0,0,0,1,0,0,0,1,0,609,261,11,0.428571429,0.018062397,0.553366174
Newberry,4/29/2016,293,5,0.0168,298,2,0,1,0,1,1,61.5,16.7,12,0,8.2,8.2,98.4,0,1,0,1,0,0,0,1,0,1,0,0,0,0,0,0,609,261,11,0.428571429,0.018062397,0.553366174
Newberry,5/2/2016,384,19,0.0471,403,2,0,1,0,1,1,61.5,16.7,12,0,8.2,8.2,98.4,0,1,0,0,1,0,0,1,0,0,0,1,0,0,0,0,609,261,11,0.428571429,0.018062397,0.553366174
Newberry,5/4/2016,380,15,0.038,395,2,0,1,0,1,1,61.5,16.7,12,0,8.2,8.2,98.4,1,1,0,0,1,0,0,1,0,0,1,0,0,0,0,0,609,261,11,0.428571429,0.018062397,0.553366174
Newberry,5/6/2016,380,5,0.013,385,2,0,1,0,1,1,61.5,16.7,12,0,8.2,8.2,98.4,0,1,1,1,0,0,0,1,0,1,0,0,0,0,0,0,609,261,11,0.428571429,0.018062397,0.553366174
Newberry,5/9/2016,369,25,0.0635,394,2,0,1,0,1,1,61.5,16.7,12,0,8.2,8.2,98.4,0,1,0,0,0,1,0,1,0,1,0,0,0,0,0,0,609,261,11,0.428571429,0.018062397,0.553366174
Newberry,5/11/2016,426,26,0.0575,452,2,0,1,0,1,1,61.5,16.7,12,0,8.2,8.2,98.4,1,1,0,0,1,0,0,1,0,0,1,0,0,0,0,0,609,261,11,0.428571429,0.018062397,0.553366174
Newberry,5/12/2016,385,29,0.07,414,2,0,1,0,1,1,61.5,16.7,12,0,8.2,8.2,98.4,0,1,0,0,1,0,0,1,0,0,0,0,0,0,0,1,609,261,11,0.428571429,0.018062397,0.553366174
Newberry,5/16/2016,380,30,0.0732,410,2,0,1,0,1,1,61.5,16.7,12,0,8.2,8.2,98.4,0,1,0,0,1,0,1,1,0,1,0,0,0,0,0,0,609,261,11,0.428571429,0.018062397,0.553366174
Newberry,5/18/2016,386,30,0.0721,416,2,0,1,0,1,1,61.5,16.7,12,0,8.2,8.2,98.4,1,1,0,0,0,0,0,1,0,0,1,0,0,0,0,0,609,261,11,0.428571429,0.018062397,0.553366174
Newberry,5/19/2016,391,7,0.0176,398,2,0,1,0,1,1,61.5,16.7,12,0,8.2,8.2,98.4,1,1,0,0,1,0,0,1,0,0,0,1,0,0,0,1,609,261,11,0.428571429,0.018062397,0.553366174
Newberry,5/20/2016,359,10,0.0271,369,2,0,1,0,1,1,61.5,16.7,12,0,8.2,8.2,98.4,0,1,0,1,0,0,0,1,0,0,0,1,0,0,0,0,609,261,11,0.428571429,0.018062397,0.553366174
Newberry,5/23/2016,388,30,0.0718,418,2,0,1,0,1,1,61.5,16.7,12,0,8.2,8.2,98.4,0,1,0,0,1,0,0,1,0,1,0,0,0,0,0,0,609,261,11,0.428571429,0.018062397,0.553366174
Newberry,5/25/2016,399,30,0.0699,429,2,0,1,0,1,1,61.5,16.7,12,0,8.2,8.2,98.4,0,1,0,0,1,1,0,1,0,0,1,0,0,0,0,0,609,261,11,0.428571429,0.018062397,0.553366174
Newberry,5/27/2016,424,10,0.023,434,2,0,1,0,1,1,61.5,16.7,12,0,8.2,8.2,98.4,0,1,0,1,0,0,1,1,0,0,0,1,0,0,0,0,609,261,11,0.428571429,0.018062397,0.553366174
Norton,10/14/2015,442,32,0.0675,474,2,0,1,0,1,1,48.4,27.2,8.6,5.3,10.1,15.4,99.6,0,1,1,0,1,0,0,0,0,0,1,0,0,0,0,0,673,0,0,0,0,1
Norton,10/16/2015,489,24,0.0468,513,2,0,1,0,1,1,48.4,27.2,8.6,5.3,10.1,15.4,99.6,0,1,0,1,0,0,1,0,0,1,0,0,0,0,0,0,673,0,0,0,0,1
Norton,10/19/2015,503,36,0.0668,539,2,0,1,0,1,1,48.4,27.2,8.6,5.3,10.1,15.4,99.6,0,1,0,0,1,0,0,1,0,0,0,1,0,0,0,0,673,0,0,0,0,1
Norton,10/21/2015,493,37,0.0698,530,2,0,1,0,1,1,48.4,27.2,8.6,5.3,10.1,15.4,99.6,0,1,0,0,0,1,0,1,0,0,1,0,0,0,1,0,673,0,0,0,0,1
Norton,10/23/2015,511,28,0.0519,539,2,0,1,0,1,1,48.4,27.2,8.6,5.3,10.1,15.4,99.6,0,1,1,1,0,0,0,0,0,1,0,0,0,0,0,0,673,0,0,0,0,1
Norton,10/26/2015,486,19,0.0376,505,2,0,1,0,1,1,48.4,27.2,8.6,5.3,10.1,15.4,99.6,0,1,0,0,0,1,0,1,0,0,0,1,0,0,0,0,673,0,0,0,0,1
Norton,10/28/2015,421,54,0.1137,475,2,0,1,0,1,1,48.4,27.2,8.6,5.3,10.1,15.4,99.6,1,1,0,0,1,0,0,1,0,0,1,0,0,0,0,0,673,0,0,0,0,1
Norton,11/2/2015,429,33,0.0714,462,2,0,1,0,1,1,48.4,27.2,8.6,5.3,10.1,15.4,99.6,0,1,0,0,0,1,0,1,0,0,0,1,0,0,0,0,673,0,0,0,0,1
Norton,11/4/2015,440,35,0.0737,475,2,0,1,0,1,1,48.4,27.2,8.6,5.3,10.1,15.4,99.6,0,1,1,0,1,0,0,0,0,0,1,0,0,0,0,0,673,0,0,0,0,1
Norton,11/9/2015,460,35,0.0707,495,2,0,1,0,1,1,48.4,27.2,8.6,5.3,10.1,15.4,99.6,0,1,0,0,1,0,0,1,0,0,0,1,0,0,0,0,673,0,0,0,0,1
Norton,11/13/2015,458,21,0.0438,479,2,0,1,0,1,1,48.4,27.2,8.6,5.3,10.1,15.4,99.6,0,1,1,1,0,0,0,0,0,1,0,0,0,0,0,0,673,0,0,0,0,1
Norton,11/18/2015,485,25,0.049,510,2,0,1,0,1,1,48.4,27.2,8.6,5.3,10.1,15.4,99.6,1,1,0,0,1,0,0,1,0,0,1,0,0,0,1,0,673,0,0,0,0,1
Norton,11/20/2015,479,23,0.0458,502,2,0,1,0,1,1,48.4,27.2,8.6,5.3,10.1,15.4,99.6,0,1,0,1,0,0,1,0,0,1,0,0,0,0,0,0,673,0,0,0,0,1
Norton,11/30/2015,484,33,0.0638,517,3,1,0,0,1,1,48.4,27.2,8.6,5.3,10.1,15.4,99.6,0,1,0,0,0,1,0,1,0,0,0,1,0,0,0,0,673,0,0,0,0,1
Norton,12/2/2015,498,26,0.0496,524,3,1,0,0,1,1,48.4,27.2,8.6,5.3,10.1,15.4,99.6,0,1,1,0,1,0,0,0,0,0,1,0,0,0,1,0,673,0,0,0,0,1
Norton,12/4/2015,414,25,0.0569,439,3,1,0,0,1,1,48.4,27.2,8.6,5.3,10.1,15.4,99.6,0,1,0,1,1,0,0,0,0,1,0,0,0,0,0,0,673,0,0,0,0,1
Norton,12/7/2015,440,39,0.0814,479,3,1,0,0,1,1,48.4,27.2,8.6,5.3,10.1,15.4,99.6,0,1,0,0,1,0,0,1,0,0,0,1,0,0,0,0,673,0,0,0,0,1
Norton,12/9/2015,469,32,0.0639,501,3,1,0,0,1,1,48.4,27.2,8.6,5.3,10.1,15.4,99.6,0,1,0,0,0,1,0,1,0,0,1,0,0,0,0,0,673,0,0,0,0,1
Norton,12/11/2015,499,25,0.0477,524,3,1,0,0,1,1,48.4,27.2,8.6,5.3,10.1,15.4,99.6,0,1,1,1,0,0,0,0,0,1,0,0,0,0,0,0,673,0,0,0,0,1
Norton,12/14/2015,496,21,0.0406,517,2,0,1,0,1,1,48.4,27.2,8.6,5.3,10.1,15.4,99.6,0,1,0,0,0,1,0,1,0,0,0,1,0,0,0,0,673,0,0,0,0,1
Norton,12/15/2015,480,19,0.0381,499,2,0,1,0,1,1,48.4,27.2,8.6,5.3,10.1,15.4,99.6,1,1,1,0,0,0,0,0,1,0,0,0,0,0,1,0,673,0,0,0,0,1
Norton,12/16/2015,470,38,0.0748,508,2,0,1,0,1,1,48.4,27.2,8.6,5.3,10.1,15.4,99.6,1,1,0,0,1,0,0,1,0,0,1,0,0,0,1,0,673,0,0,0,0,1
Norton,12/18/2015,476,23,0.0461,499,2,0,1,0,1,1,48.4,27.2,8.6,5.3,10.1,15.4,99.6,0,1,0,1,0,0,1,0,0,1,0,0,0,0,1,0,673,0,0,0,0,1
Norton,3/4/2016,529,12,0.0222,541,2,0,1,0,1,1,48.4,27.2,8.6,5.3,10.1,15.4,99.6,0,1,0,1,0,0,1,0,0,1,0,0,0,0,0,0,673,0,0,0,0,1
Norton,3/7/2016,468,19,0.039,487,2,0,1,0,1,1,48.4,27.2,8.6,5.3,10.1,15.4,99.6,0,1,0,0,0,1,0,1,0,0,0,1,0,0,0,0,673,0,0,0,0,1
Norton,3/9/2016,435,23,0.0502,458,2,0,1,0,1,1,48.4,27.2,8.6,5.3,10.1,15.4,99.6,0,1,1,0,1,0,0,0,0,0,1,0,0,0,0,0,673,0,0,0,0,1
Norton,3/11/2016,478,19,0.0382,497,2,0,1,0,1,1,48.4,27.2,8.6,5.3,10.1,15.4,99.6,0,1,0,1,0,0,0,0,0,1,0,0,0,0,0,0,673,0,0,0,0,1
Norton,3/14/2016,446,39,0.0804,485,2,0,1,0,1,1,48.4,27.2,8.6,5.3,10.1,15.4,99.6,0,1,0,0,1,0,0,1,0,0,0,1,0,0,0,0,673,0,0,0,0,1
Norton,3/16/2016,470,29,0.0581,499,2,0,1,0,1,1,48.4,27.2,8.6,5.3,10.1,15.4,99.6,0,1,0,0,0,1,0,1,1,0,1,0,0,0,0,0,673,0,0,0,0,1
Norton,3/28/2016,480,15,0.0303,495,2,0,1,0,1,1,48.4,27.2,8.6,5.3,10.1,15.4,99.6,0,1,0,0,0,1,0,1,0,0,0,1,0,0,0,0,673,0,0,0,0,1
Norton,3/30/2016,486,15,0.0299,501,2,0,1,0,1,1,48.4,27.2,8.6,5.3,10.1,15.4,99.6,1,1,0,0,1,0,0,0,1,0,1,0,0,0,0,0,673,0,0,0,0,1
Norton,4/4/2016,496,15,0.0294,511,2,0,1,0,1,1,48.4,27.2,8.6,5.3,10.1,15.4,99.6,0,1,0,0,0,1,0,1,0,0,0,1,0,0,0,0,673,0,0,0,0,1
Norton,4/5/2016,502,23,0.0438,525,2,0,1,0,1,1,48.4,27.2,8.6,5.3,10.1,15.4,99.6,0,1,1,0,0,0,1,0,1,0,0,1,0,0,0,0,673,0,0,0,0,1
Norton,4/6/2016,529,12,0.0222,541,2,0,1,0,1,1,48.4,27.2,8.6,5.3,10.1,15.4,99.6,0,1,1,0,1,0,0,0,0,0,1,0,0,0,0,0,673,0,0,0,0,1
Norton,4/11/2016,487,20,0.0394,507,2,0,1,0,1,1,48.4,27.2,8.6,5.3,10.1,15.4,99.6,0,1,0,0,1,0,0,1,0,0,0,1,0,0,0,0,673,0,0,0,0,1
Norton,4/12/2016,500,9,0.0177,509,2,0,1,0,1,1,48.4,27.2,8.6,5.3,10.1,15.4,99.6,1,1,0,0,1,0,0,0,1,0,0,0,0,0,0,0,673,0,0,0,0,1
Norton,4/13/2016,522,28,0.0509,550,2,0,1,0,1,1,48.4,27.2,8.6,5.3,10.1,15.4,99.6,1,1,0,0,0,0,0,1,1,0,1,0,0,0,0,0,673,0,0,0,0,1
Norton,4/15/2016,535,16,0.029,551,2,0,1,0,1,1,48.4,27.2,8.6,5.3,10.1,15.4,99.6,0,1,1,1,0,0,0,0,0,1,0,0,0,0,0,0,673,0,0,0,0,1
Norton,4/25/2016,485,8,0.0162,493,2,0,1,0,1,1,48.4,27.2,8.6,5.3,10.1,15.4,99.6,0,1,0,0,0,1,0,1,0,0,0,1,0,0,0,0,673,0,0,0,0,1
Norton,4/26/2016,496,19,0.0369,515,2,0,1,0,1,1,48.4,27.2,8.6,5.3,10.1,15.4,99.6,0,1,1,0,0,0,1,1,1,0,0,0,0,0,0,0,673,0,0,0,0,1
Norton,4/27/2016,519,13,0.0244,532,2,0,1,0,1,1,48.4,27.2,8.6,5.3,10.1,15.4,99.6,0,1,1,0,1,0,0,1,0,0,1,1,0,0,0,0,673,0,0,0,0,1
Norton,4/29/2016,427,10,0.0229,437,2,0,1,0,1,1,48.4,27.2,8.6,5.3,10.1,15.4,99.6,0,1,0,1,0,0,0,1,0,1,0,0,0,0,0,0,673,0,0,0,0,1
Norton,5/16/2016,498,22,0.0423,520,2,0,1,0,1,1,48.4,27.2,8.6,5.3,10.1,15.4,99.6,0,1,0,0,1,0,1,1,0,1,0,0,0,0,0,0,673,0,0,0,0,1
Norton,5/18/2016,453,23,0.0483,476,2,0,1,0,1,1,48.4,27.2,8.6,5.3,10.1,15.4,99.6,1,1,0,0,0,0,0,1,0,0,1,0,0,0,0,0,673,0,0,0,0,1
Norton,5/19/2016,476,16,0.0325,492,2,0,1,0,1,1,48.4,27.2,8.6,5.3,10.1,15.4,99.6,1,1,0,0,1,0,0,1,0,0,1,0,0,0,0,0,673,0,0,0,0,1
Norton,5/20/2016,534,2,0.0037,536,2,0,1,0,1,1,48.4,27.2,8.6,5.3,10.1,15.4,99.6,0,1,0,1,0,0,0,1,0,0,0,1,0,0,0,0,673,0,0,0,0,1
Norton,5/23/2016,454,20,0.0422,474,2,0,1,0,1,1,48.4,27.2,8.6,5.3,10.1,15.4,99.6,0,1,0,0,1,0,0,1,0,1,0,0,0,0,0,0,673,0,0,0,0,1
Norton,5/26/2016,407,13,0.031,420,2,0,1,0,1,1,48.4,27.2,8.6,5.3,10.1,15.4,99.6,1,1,0,0,0,1,0,1,0,0,0,0,0,0,0,1,673,0,0,0,0,1
Norton,5/27/2016,530,9,0.0167,539,2,0,1,0,1,1,48.4,27.2,8.6,5.3,10.1,15.4,99.6,0,1,0,1,0,0,1,1,0,0,0,1,0,0,0,1,673,0,0,0,0,1
Rawlings,12/14/2015,326,12,0.0355,338,2,0,1,0,1,1,0,91.3,3.8,0,4.1,4.1,99.2,0,1,0,0,0,1,0,1,0,0,0,1,0,0,0,0,264,229,0,0.867424242,0,0.132575758
Rawlings,12/15/2015,332,7,0.0206,339,2,0,1,0,1,1,0,91.3,3.8,0,4.1,4.1,99.2,1,1,1,0,0,0,0,0,1,0,0,0,0,0,0,0,264,229,0,0.867424242,0,0.132575758
Rawlings,12/16/2015,318,11,0.0334,329,2,0,1,0,1,1,0,91.3,3.8,0,4.1,4.1,99.2,0,1,0,0,1,0,0,1,0,0,1,0,0,0,0,0,264,229,0,0.867424242,0,0.132575758
Rawlings,12/18/2015,308,5,0.016,313,2,0,1,0,1,1,0,91.3,3.8,0,4.1,4.1,99.2,0,1,0,1,0,0,1,0,0,1,0,0,0,0,0,0,264,229,0,0.867424242,0,0.132575758
Rawlings,3/4/2016,309,14,0.0433,323,2,0,1,0,1,1,0,91.3,3.8,0,4.1,4.1,99.2,0,1,0,1,0,0,1,0,0,1,0,0,0,0,0,0,264,229,0,0.867424242,0,0.132575758
Rawlings,3/7/2016,335,3,0.0089,338,2,0,1,0,1,1,0,91.3,3.8,0,4.1,4.1,99.2,0,1,0,0,0,1,0,1,0,0,0,1,0,0,0,0,264,229,0,0.867424242,0,0.132575758
Rawlings,3/9/2016,322,9,0.0272,331,2,0,1,0,1,1,0,91.3,3.8,0,4.1,4.1,99.2,0,1,1,0,1,0,0,0,0,0,1,0,0,0,0,0,264,229,0,0.867424242,0,0.132575758
Rawlings,3/11/2016,314,6,0.0188,320,2,0,1,0,1,1,0,91.3,3.8,0,4.1,4.1,99.2,0,1,0,1,0,0,0,0,0,1,0,0,0,0,0,0,264,229,0,0.867424242,0,0.132575758
Rawlings,3/14/2016,329,5,0.015,334,2,0,1,0,1,1,0,91.3,3.8,0,4.1,4.1,99.2,0,1,0,0,1,0,0,1,0,0,0,1,0,0,0,0,264,229,0,0.867424242,0,0.132575758
Rawlings,3/16/2016,308,21,0.0638,329,2,0,1,0,1,1,0,91.3,3.8,0,4.1,4.1,99.2,1,1,0,0,0,0,0,1,0,0,1,0,0,0,0,0,264,229,0,0.867424242,0,0.132575758
Rawlings,3/18/2016,321,8,0.0243,329,2,0,1,0,1,1,0,91.3,3.8,0,4.1,4.1,99.2,0,1,0,1,0,0,0,0,0,1,0,0,0,0,0,0,264,229,0,0.867424242,0,0.132575758
Rawlings,3/28/2016,335,5,0.0147,340,2,0,1,0,1,1,0,91.3,3.8,0,4.1,4.1,99.2,0,1,0,0,0,1,0,1,0,0,0,1,0,0,0,0,264,229,0,0.867424242,0,0.132575758
Rawlings,3/30/2016,351,3,0.0085,354,2,0,1,0,1,1,0,91.3,3.8,0,4.1,4.1,99.2,1,1,0,0,1,0,0,1,0,0,1,0,0,0,0,0,264,229,0,0.867424242,0,0.132575758
Rawlings,4/4/2016,343,2,0.0058,345,2,0,1,0,1,1,0,91.3,3.8,0,4.1,4.1,99.2,0,1,0,0,0,1,0,1,0,0,0,1,0,0,0,0,264,229,0,0.867424242,0,0.132575758
Rawlings,4/5/2016,349,6,0.0169,355,2,0,1,0,1,1,0,91.3,3.8,0,4.1,4.1,99.2,0,1,0,0,1,1,1,0,1,0,0,0,0,0,0,0,264,229,0,0.867424242,0,0.132575758
Rawlings,4/6/2016,363,9,0.0242,372,2,0,1,0,1,1,0,91.3,3.8,0,4.1,4.1,99.2,0,1,1,0,1,0,0,1,0,0,1,0,0,0,1,0,264,229,0,0.867424242,0,0.132575758
Rawlings,4/11/2016,325,1,0.0031,326,2,0,1,0,1,1,0,91.3,3.8,0,4.1,4.1,99.2,0,1,0,0,1,0,0,1,0,0,0,1,0,0,0,0,264,229,0,0.867424242,0,0.132575758
Rawlings,4/12/2016,335,24,0.0669,359,2,0,1,0,1,1,0,91.3,3.8,0,4.1,4.1,99.2,1,1,0,0,1,0,0,0,1,0,0,0,0,0,0,0,264,229,0,0.867424242,0,0.132575758
Rawlings,4/13/2016,323,35,0.0978,358,2,0,1,0,1,1,0,91.3,3.8,0,4.1,4.1,99.2,1,1,0,0,0,0,0,1,0,0,1,0,0,0,0,0,264,229,0,0.867424242,0,0.132575758
Rawlings,4/15/2016,354,6,0.0167,360,2,0,1,0,1,1,0,91.3,3.8,0,4.1,4.1,99.2,0,1,1,1,0,0,0,0,0,1,0,0,0,0,0,0,264,229,0,0.867424242,0,0.132575758
Rawlings,4/25/2016,342,3,0.0087,345,2,0,1,0,1,1,0,91.3,3.8,0,4.1,4.1,99.2,0,1,0,0,0,1,0,1,0,0,0,1,0,0,0,0,264,229,0,0.867424242,0,0.132575758
Rawlings,4/26/2016,327,6,0.018,333,2,0,1,0,1,1,0,91.3,3.8,0,4.1,4.1,99.2,0,1,1,0,0,0,1,1,1,0,0,0,0,0,0,0,264,229,0,0.867424242,0,0.132575758
Rawlings,4/27/2016,348,4,0.0114,352,2,0,1,0,1,1,0,91.3,3.8,0,4.1,4.1,99.2,0,1,1,0,1,0,0,1,0,0,1,0,0,0,0,0,264,229,0,0.867424242,0,0.132575758
Rawlings,4/29/2016,329,7,0.0208,336,2,0,1,0,1,1,0,91.3,3.8,0,4.1,4.1,99.2,0,1,0,1,0,0,0,1,0,1,0,0,0,0,0,0,264,229,0,0.867424242,0,0.132575758
Rawlings,5/9/2016,337,10,0.0288,347,2,0,1,0,1,1,0,91.3,3.8,0,4.1,4.1,99.2,0,1,0,0,0,1,0,1,0,1,0,0,0,0,0,0,264,229,0,0.867424242,0,0.132575758
Rawlings,5/11/2016,327,25,0.071,352,2,0,1,0,1,1,0,91.3,3.8,0,4.1,4.1,99.2,0,1,0,0,1,0,0,1,0,0,1,0,0,0,0,0,264,229,0,0.867424242,0,0.132575758
Rawlings,5/12/2016,342,10,0.0284,352,2,0,1,0,1,1,0,91.3,3.8,0,4.1,4.1,99.2,1,1,0,0,1,0,0,1,0,0,0,0,0,0,0,1,264,229,0,0.867424242,0,0.132575758
Rawlings,5/13/2016,340,3,0.0087,343,2,0,1,0,1,1,0,91.3,3.8,0,4.1,4.1,99.2,0,1,0,1,0,0,1,1,0,0,0,1,0,0,0,0,264,229,0,0.867424242,0,0.132575758
Rawlings,5/16/2016,327,22,0.063,349,2,0,1,0,1,1,0,91.3,3.8,0,4.1,4.1,99.2,0,1,0,0,1,0,1,1,0,1,0,0,0,0,0,0,264,229,0,0.867424242,0,0.132575758
Rawlings,5/18/2016,339,23,0.0635,362,2,0,1,0,1,1,0,91.3,3.8,0,4.1,4.1,99.2,1,1,0,0,0,0,0,1,0,0,1,0,0,0,0,0,264,229,0,0.867424242,0,0.132575758
Rawlings,5/19/2016,357,8,0.0219,365,2,0,1,0,1,1,0,91.3,3.8,0,4.1,4.1,99.2,1,1,0,0,1,0,0,1,0,0,0,0,0,0,0,1,264,229,0,0.867424242,0,0.132575758
Rawlings,5/20/2016,278,1,0.0036,279,2,0,1,0,1,1,0,91.3,3.8,0,4.1,4.1,99.2,0,1,0,1,0,0,0,1,0,0,0,1,0,0,0,0,264,229,0,0.867424242,0,0.132575758
Rawlings,5/23/2016,294,20,0.0637,314,2,0,1,0,1,1,0,91.3,3.8,0,4.1,4.1,99.2,0,1,0,0,1,0,0,1,0,1,0,0,0,0,0,0,264,229,0,0.867424242,0,0.132575758
Rawlings,5/25/2016,325,9,0.0269,334,2,0,1,0,1,1,0,91.3,3.8,0,4.1,4.1,99.2,0,1,0,0,1,0,0,1,0,0,1,0,0,0,0,0,264,229,0,0.867424242,0,0.132575758
Rawlings,5/26/2016,348,6,0.0169,354,2,0,1,0,1,1,0,91.3,3.8,0,4.1,4.1,99.2,1,1,0,0,0,1,0,1,0,0,0,0,0,0,0,1,264,229,0,0.867424242,0,0.132575758
Rawlings,5/27/2016,342,1,0.0029,343,2,0,1,0,1,1,0,91.3,3.8,0,4.1,4.1,99.2,0,1,0,1,0,0,1,1,0,0,0,1,0,0,0,0,264,229,0,0.867424242,0,0.132575758
Terwilliger,10/14/2015,501,30,0.0565,531,2,0,1,0,1,1,21.8,53.9,12.5,0,10.8,10.8,99,0,1,1,0,1,0,0,0,0,0,1,0,0,0,0,0,680,496,11,0.729411765,0.016176471,0.254411765
Terwilliger,10/16/2015,491,30,0.0576,521,2,0,1,0,1,1,21.8,53.9,12.5,0,10.8,10.8,99,0,1,0,1,0,0,1,0,0,1,0,0,0,0,0,0,680,496,11,0.729411765,0.016176471,0.254411765
Terwilliger,10/19/2015,477,35,0.0684,512,2,0,1,0,1,1,21.8,53.9,12.5,0,10.8,10.8,99,0,1,0,0,1,0,0,1,0,0,0,1,0,0,0,0,680,496,11,0.729411765,0.016176471,0.254411765
Terwilliger,10/21/2015,504,14,0.027,518,2,0,1,0,1,1,21.8,53.9,12.5,0,10.8,10.8,99,0,1,0,0,1,1,0,1,0,0,1,0,0,0,0,0,680,496,11,0.729411765,0.016176471,0.254411765
Terwilliger,10/23/2015,506,25,0.0471,531,2,0,1,0,1,1,21.8,53.9,12.5,0,10.8,10.8,99,0,1,1,1,0,0,0,0,0,1,0,0,0,0,0,0,680,496,11,0.729411765,0.016176471,0.254411765
Terwilliger,10/26/2015,388,25,0.0605,413,2,0,1,0,1,1,21.8,53.9,12.5,0,10.8,10.8,99,0,1,0,0,1,1,0,1,0,0,0,1,0,0,0,0,680,496,11,0.729411765,0.016176471,0.254411765
Terwilliger,10/28/2015,519,8,0.0152,527,2,0,1,0,1,1,21.8,53.9,12.5,0,10.8,10.8,99,1,1,0,0,1,0,0,1,0,0,1,0,0,0,0,0,680,496,11,0.729411765,0.016176471,0.254411765
Terwilliger,11/2/2015,512,15,0.0285,527,2,0,1,0,1,1,21.8,53.9,12.5,0,10.8,10.8,99,0,1,0,0,1,1,0,1,0,0,0,1,0,0,0,0,680,496,11,0.729411765,0.016176471,0.254411765
Terwilliger,11/4/2015,516,15,0.0282,531,2,0,1,0,1,1,21.8,53.9,12.5,0,10.8,10.8,99,0,1,1,0,1,0,0,0,0,0,1,0,0,0,0,0,680,496,11,0.729411765,0.016176471,0.254411765
Terwilliger,11/13/2015,510,15,0.0286,525,2,0,1,0,1,1,21.8,53.9,12.5,0,10.8,10.8,99,0,1,1,1,0,0,0,0,0,1,0,0,0,0,0,0,680,496,11,0.729411765,0.016176471,0.254411765
Terwilliger,11/16/2015,410,15,0.0353,425,2,0,1,0,1,1,21.8,53.9,12.5,0,10.8,10.8,99,0,1,0,0,1,1,0,1,0,0,0,1,0,0,0,0,680,496,11,0.729411765,0.016176471,0.254411765
Terwilliger,11/18/2015,516,12,0.0227,528,2,0,1,0,1,1,21.8,53.9,12.5,0,10.8,10.8,99,1,1,0,0,1,0,0,1,0,0,1,0,0,0,0,0,680,496,11,0.729411765,0.016176471,0.254411765
Terwilliger,11/20/2015,502,25,0.0474,527,2,0,1,0,1,1,21.8,53.9,12.5,0,10.8,10.8,99,0,1,0,1,0,0,1,0,0,1,0,0,0,0,0,0,680,496,11,0.729411765,0.016176471,0.254411765
Terwilliger,11/30/2015,490,25,0.0485,515,3,1,0,0,1,1,21.8,53.9,12.5,0,10.8,10.8,99,0,1,0,0,0,1,0,1,0,0,0,1,0,0,0,0,680,496,11,0.729411765,0.016176471,0.254411765
Terwilliger,12/2/2015,507,15,0.0287,522,3,1,0,0,1,1,21.8,53.9,12.5,0,10.8,10.8,99,0,1,1,0,1,0,0,0,0,0,1,0,0,0,0,0,680,496,11,0.729411765,0.016176471,0.254411765
Terwilliger,12/4/2015,454,15,0.032,469,3,1,0,0,1,1,21.8,53.9,12.5,0,10.8,10.8,99,0,1,0,1,0,0,0,0,0,1,0,0,0,0,0,0,680,496,11,0.729411765,0.016176471,0.254411765
Terwilliger,12/7/2015,507,15,0.0287,522,3,1,0,0,1,1,21.8,53.9,12.5,0,10.8,10.8,99,0,1,0,0,1,0,0,1,0,0,0,1,0,0,0,0,680,496,11,0.729411765,0.016176471,0.254411765
Terwilliger,12/9/2015,504,15,0.0289,519,3,1,0,0,1,1,21.8,53.9,12.5,0,10.8,10.8,99,0,1,0,0,1,1,0,1,0,0,1,0,0,0,0,0,680,496,11,0.729411765,0.016176471,0.254411765
Terwilliger,12/11/2015,500,15,0.0291,515,3,1,0,0,1,1,21.8,53.9,12.5,0,10.8,10.8,99,0,1,1,1,0,0,0,0,0,1,0,0,0,0,0,0,680,496,11,0.729411765,0.016176471,0.254411765
Terwilliger,12/14/2015,519,15,0.0281,534,2,0,1,0,1,1,21.8,53.9,12.5,0,10.8,10.8,99,0,1,0,0,1,1,0,1,0,0,0,1,0,0,0,0,680,496,11,0.729411765,0.016176471,0.254411765
Terwilliger,12/15/2015,468,15,0.0311,483,2,0,1,0,1,1,21.8,53.9,12.5,0,10.8,10.8,99,1,1,1,0,1,0,0,0,1,0,0,0,0,0,1,0,680,496,11,0.729411765,0.016176471,0.254411765
Terwilliger,12/16/2015,503,20,0.0382,523,2,0,1,0,1,1,21.8,53.9,12.5,0,10.8,10.8,99,1,1,0,0,1,0,0,1,0,0,1,0,0,0,0,0,680,496,11,0.729411765,0.016176471,0.254411765
Terwilliger,12/18/2015,504,10,0.0195,514,2,0,1,0,1,1,21.8,53.9,12.5,0,10.8,10.8,99,0,1,0,1,0,0,1,0,0,1,0,0,0,0,0,0,680,496,11,0.729411765,0.016176471,0.254411765
Terwilliger,3/4/2016,511,15,0.0285,526,2,0,1,0,1,1,21.8,53.9,12.5,0,10.8,10.8,99,0,1,0,1,0,0,1,0,0,1,0,0,0,0,0,0,680,496,11,0.729411765,0.016176471,0.254411765
Terwilliger,3/7/2016,500,15,0.0291,515,2,0,1,0,1,1,21.8,53.9,12.5,0,10.8,10.8,99,0,1,0,0,1,1,0,1,0,0,0,1,0,0,0,0,680,496,11,0.729411765,0.016176471,0.254411765
Terwilliger,3/9/2016,484,30,0.0584,514,2,0,1,0,1,1,21.8,53.9,12.5,0,10.8,10.8,99,0,1,1,0,1,0,0,0,0,0,1,0,0,0,0,0,680,496,11,0.729411765,0.016176471,0.254411765
Terwilliger,3/11/2016,403,15,0.0359,418,2,0,1,0,1,1,21.8,53.9,12.5,0,10.8,10.8,99,0,1,0,1,0,0,0,0,0,1,0,0,0,0,0,0,680,496,11,0.729411765,0.016176471,0.254411765
Terwilliger,3/14/2016,507,15,0.0287,522,2,0,1,0,1,1,21.8,53.9,12.5,0,10.8,10.8,99,0,1,0,0,1,0,0,1,0,0,0,1,0,0,0,0,680,496,11,0.729411765,0.016176471,0.254411765
Terwilliger,3/18/2016,490,25,0.0485,515,2,0,1,0,1,1,21.8,53.9,12.5,0,10.8,10.8,99,0,1,1,1,0,0,0,0,0,1,0,0,0,0,0,0,680,496,11,0.729411765,0.016176471,0.254411765
Terwilliger,3/28/2016,498,10,0.0197,508,2,0,1,0,1,1,21.8,53.9,12.5,0,10.8,10.8,99,0,1,0,0,1,1,0,1,0,0,0,1,0,0,0,0,680,496,11,0.729411765,0.016176471,0.254411765
Terwilliger,3/30/2016,515,10,0.019,525,2,0,1,0,1,1,21.8,53.9,12.5,0,10.8,10.8,99,1,1,0,0,1,0,0,0,0,0,1,0,0,0,0,0,680,496,11,0.729411765,0.016176471,0.254411765
Terwilliger,4/26/2016,504,25,0.0473,529,2,0,1,0,1,1,21.8,53.9,12.5,0,10.8,10.8,99,0,1,1,0,1,1,1,1,1,0,0,0,0,0,0,0,680,496,11,0.729411765,0.016176471,0.254411765
Terwilliger,5/2/2016,508,10,0.0193,518,2,0,1,0,1,1,21.8,53.9,12.5,0,10.8,10.8,99,0,1,0,0,1,0,0,1,0,0,0,1,0,0,0,0,680,496,11,0.729411765,0.016176471,0.254411765
Terwilliger,5/4/2016,509,15,0.0286,524,2,0,1,0,1,1,21.8,53.9,12.5,0,10.8,10.8,99,1,1,0,0,1,0,0,1,0,0,1,0,0,0,0,0,680,496,11,0.729411765,0.016176471,0.254411765
Terwilliger,5/6/2016,513,10,0.0191,523,2,0,1,0,1,1,21.8,53.9,12.5,0,10.8,10.8,99,0,1,1,1,0,0,0,1,0,1,0,0,0,0,0,0,680,496,11,0.729411765,0.016176471,0.254411765
Terwilliger,5/9/2016,509,10,0.0193,519,2,0,1,0,1,1,21.8,53.9,12.5,0,10.8,10.8,99,0,1,0,0,1,1,0,1,0,1,0,0,0,0,0,0,680,496,11,0.729411765,0.016176471,0.254411765
Terwilliger,5/11/2016,521,5,0.0095,526,2,0,1,0,1,1,21.8,53.9,12.5,0,10.8,10.8,99,0,1,0,0,1,0,1,1,0,0,1,0,0,0,0,0,680,496,11,0.729411765,0.016176471,0.254411765
Terwilliger,5/12/2016,529,10,0.0186,539,2,0,1,0,1,1,21.8,53.9,12.5,0,10.8,10.8,99,0,1,0,0,1,0,0,1,0,0,0,0,0,0,0,1,680,496,11,0.729411765,0.016176471,0.254411765
Terwilliger,5/13/2016,534,5,0.0093,539,2,0,1,0,1,1,21.8,53.9,12.5,0,10.8,10.8,99,0,1,0,1,0,0,1,1,0,0,0,1,0,0,0,0,680,496,11,0.729411765,0.016176471,0.254411765
Terwilliger,5/16/2016,430,10,0.0227,440,2,0,1,0,1,1,21.8,53.9,12.5,0,10.8,10.8,99,0,1,0,0,1,0,1,1,0,1,0,0,0,0,0,0,680,496,11,0.729411765,0.016176471,0.254411765
Terwilliger,5/18/2016,528,10,0.0186,538,2,0,1,0,1,1,21.8,53.9,12.5,0,10.8,10.8,99,1,1,0,0,0,0,0,1,0,0,1,0,0,0,0,0,680,496,11,0.729411765,0.016176471,0.254411765
Terwilliger,5/19/2016,487,10,0.0201,497,2,0,1,0,1,1,21.8,53.9,12.5,0,10.8,10.8,99,1,1,0,0,1,0,0,1,0,0,0,0,0,0,0,1,680,496,11,0.729411765,0.016176471,0.254411765
Terwilliger,5/20/2016,261,5,0.0188,266,2,0,1,0,1,1,21.8,53.9,12.5,0,10.8,10.8,99,0,1,0,1,0,0,0,1,0,0,0,1,0,0,0,0,680,496,11,0.729411765,0.016176471,0.254411765
Terwilliger,5/23/2016,507,10,0.0193,517,2,0,1,0,1,1,21.8,53.9,12.5,0,10.8,10.8,99,0,1,0,0,1,0,0,1,0,1,0,0,0,0,0,0,680,496,11,0.729411765,0.016176471,0.254411765
Terwilliger,5/25/2016,508,10,0.0193,518,2,0,1,0,1,1,21.8,53.9,12.5,0,10.8,10.8,99,0,1,0,0,0,0,1,1,0,0,1,0,0,0,0,0,680,496,11,0.729411765,0.016176471,0.254411765
Terwilliger,5/26/2016,507,10,0.0193,517,2,0,1,0,1,1,21.8,53.9,12.5,0,10.8,10.8,99,1,1,0,0,0,1,0,1,0,0,0,0,0,0,0,1,680,496,11,0.729411765,0.016176471,0.254411765
Terwilliger,5/27/2016,507,10,0.0193,517,2,0,1,0,1,1,21.8,53.9,12.5,0,10.8,10.8,99,0,1,0,1,0,0,1,1,0,0,0,1,0,0,0,0,680,496,11,0.729411765,0.016176471,0.254411765
Williams,12/2/2015,388,12,0.03,400,3,1,0,0,1,1,11,73.1,2.8,9.2,3.7,12.9,99.8,0,1,1,0,1,0,0,0,0,0,1,0,0,0,0,0,628,435,3,0.692675159,0.00477707,0.302547771
Williams,12/4/2015,350,45,0.1139,395,3,1,0,0,1,1,11,73.1,2.8,9.2,3.7,12.9,99.8,0,1,0,1,1,0,0,0,0,1,0,0,0,0,1,0,628,435,3,0.692675159,0.00477707,0.302547771
Williams,12/7/2015,374,2,0.0053,376,3,1,0,0,1,1,11,73.1,2.8,9.2,3.7,12.9,99.8,0,1,0,0,1,0,0,1,0,0,0,1,0,0,0,0,628,435,3,0.692675159,0.00477707,0.302547771
Williams,12/9/2015,450,2,0.0044,452,3,1,0,0,1,1,11,73.1,2.8,9.2,3.7,12.9,99.8,0,1,0,0,0,1,0,1,0,0,1,0,0,0,0,0,628,435,3,0.692675159,0.00477707,0.302547771
Williams,12/11/2015,450,50,0.1,500,3,1,0,0,1,1,11,73.1,2.8,9.2,3.7,12.9,99.8,0,1,0,1,0,0,0,0,0,1,0,0,0,0,1,0,628,435,3,0.692675159,0.00477707,0.302547771
Williams,12/14/2015,408,3,0.0073,411,2,0,1,0,1,1,11,73.1,2.8,9.2,3.7,12.9,99.8,0,1,0,0,0,1,0,1,0,0,0,1,0,0,0,0,628,435,3,0.692675159,0.00477707,0.302547771
Williams,12/15/2015,339,8,0.0231,347,2,0,1,0,1,1,11,73.1,2.8,9.2,3.7,12.9,99.8,1,1,1,0,0,0,0,0,1,0,0,0,0,0,0,0,628,435,3,0.692675159,0.00477707,0.302547771
Williams,12/16/2015,439,1,0.0023,440,2,0,1,0,1,1,11,73.1,2.8,9.2,3.7,12.9,99.8,1,1,0,0,1,0,0,1,0,0,1,0,0,0,0,0,628,435,3,0.692675159,0.00477707,0.302547771
Williams,12/18/2015,374,10,0.026,384,2,0,1,0,1,1,11,73.1,2.8,9.2,3.7,12.9,99.8,0,1,0,1,0,0,1,0,0,1,0,0,0,0,0,0,628,435,3,0.692675159,0.00477707,0.302547771
Williams,3/7/2016,375,4,0.0106,379,2,0,1,0,1,1,11,73.1,2.8,9.2,3.7,12.9,99.8,0,1,0,0,0,1,0,1,0,0,0,1,0,0,0,0,628,435,3,0.692675159,0.00477707,0.302547771
Williams,3/9/2016,441,8,0.0178,449,2,0,1,0,1,1,11,73.1,2.8,9.2,3.7,12.9,99.8,0,1,1,0,1,0,0,0,0,0,1,0,0,0,0,0,628,435,3,0.692675159,0.00477707,0.302547771
Williams,3/14/2016,403,0,0,403,2,0,1,0,1,1,11,73.1,2.8,9.2,3.7,12.9,99.8,0,1,0,0,1,0,0,1,0,0,0,1,0,0,0,0,628,435,3,0.692675159,0.00477707,0.302547771
Williams,3/15/2016,443,1,0.0023,444,2,0,1,0,1,1,11,73.1,2.8,9.2,3.7,12.9,99.8,1,1,0,1,1,0,0,0,0,1,0,0,0,0,0,0,628,435,3,0.692675159,0.00477707,0.302547771
Williams,3/16/2016,420,11,0.0255,431,2,0,1,0,1,1,11,73.1,2.8,9.2,3.7,12.9,99.8,1,1,0,0,0,0,0,1,0,0,1,0,0,0,0,0,628,435,3,0.692675159,0.00477707,0.302547771
Williams,3/28/2016,400,2,0.005,402,2,0,1,0,1,1,11,73.1,2.8,9.2,3.7,12.9,99.8,0,1,0,0,0,1,0,1,0,0,0,1,0,0,0,0,628,435,3,0.692675159,0.00477707,0.302547771
Williams,3/30/2016,443,2,0.0045,445,2,0,1,0,1,1,11,73.1,2.8,9.2,3.7,12.9,99.8,1,1,0,0,1,0,0,1,0,0,1,0,0,0,0,0,628,435,3,0.692675159,0.00477707,0.302547771
Williams,4/4/2016,420,2,0.0047,422,2,0,1,0,1,1,11,73.1,2.8,9.2,3.7,12.9,99.8,0,1,0,0,0,1,0,1,1,0,0,0,0,0,0,0,628,435,3,0.692675159,0.00477707,0.302547771
Williams,4/5/2016,426,6,0.0139,432,2,0,1,0,1,1,11,73.1,2.8,9.2,3.7,12.9,99.8,0,1,1,0,0,0,1,0,1,0,0,0,0,0,0,0,628,435,3,0.692675159,0.00477707,0.302547771
Williams,4/6/2016,447,2,0.0045,449,2,0,1,0,1,1,11,73.1,2.8,9.2,3.7,12.9,99.8,0,1,1,0,1,0,0,0,0,0,1,0,0,0,0,0,628,435,3,0.692675159,0.00477707,0.302547771
Williams,4/11/2016,421,1,0.0024,422,2,0,1,0,1,1,11,73.1,2.8,9.2,3.7,12.9,99.8,0,1,0,0,1,0,0,1,0,0,0,1,0,0,0,0,628,435,3,0.692675159,0.00477707,0.302547771
Williams,4/12/2016,463,2,0.0043,465,2,0,1,0,1,1,11,73.1,2.8,9.2,3.7,12.9,99.8,1,1,0,0,1,0,0,1,1,0,0,0,0,0,0,0,628,435,3,0.692675159,0.00477707,0.302547771
Williams,4/13/2016,489,3,0.0061,492,2,0,1,0,1,1,11,73.1,2.8,9.2,3.7,12.9,99.8,1,1,0,0,0,0,0,1,0,0,1,0,0,0,0,0,628,435,3,0.692675159,0.00477707,0.302547771
Williams,4/15/2016,477,1,0.0021,478,2,0,1,0,1,1,11,73.1,2.8,9.2,3.7,12.9,99.8,0,1,1,1,0,0,0,1,0,1,0,0,0,0,0,0,628,435,3,0.692675159,0.00477707,0.302547771
Williams,4/26/2016,439,3,0.0068,442,2,0,1,0,1,1,11,73.1,2.8,9.2,3.7,12.9,99.8,0,1,1,0,1,0,1,1,1,0,0,0,0,0,0,0,628,435,3,0.692675159,0.00477707,0.302547771
Williams,4/28/2016,440,4,0.009,444,2,0,1,0,1,1,11,73.1,2.8,9.2,3.7,12.9,99.8,0,1,0,0,0,1,1,1,1,0,1,0,0,0,0,0,628,435,3,0.692675159,0.00477707,0.302547771
Williams,4/29/2016,390,1,0.0026,391,2,0,1,0,1,1,11,73.1,2.8,9.2,3.7,12.9,99.8,0,1,0,1,0,0,0,1,0,1,0,0,0,0,0,0,628,435,3,0.692675159,0.00477707,0.302547771
Williams,5/9/2016,356,2,0.0056,358,2,0,1,0,1,1,11,73.1,2.8,9.2,3.7,12.9,99.8,0,1,0,0,0,1,0,1,0,1,0,0,0,0,0,0,628,435,3,0.692675159,0.00477707,0.302547771
Williams,5/11/2016,486,4,0.0082,490,2,0,1,0,1,1,11,73.1,2.8,9.2,3.7,12.9,99.8,1,1,0,0,1,0,0,1,0,0,1,0,0,0,0,0,628,435,3,0.692675159,0.00477707,0.302547771
Williams,5/13/2016,403,4,0.0098,407,2,0,1,0,1,1,11,73.1,2.8,9.2,3.7,12.9,99.8,0,1,0,1,0,0,1,1,0,1,0,1,0,0,0,0,628,435,3,0.692675159,0.00477707,0.302547771
Williams,5/16/2016,384,5,0.0129,389,2,0,1,0,1,1,11,73.1,2.8,9.2,3.7,12.9,99.8,0,1,0,0,1,0,1,1,0,1,0,0,0,0,0,0,628,435,3,0.692675159,0.00477707,0.302547771
Williams,5/19/2016,471,3,0.0063,474,2,0,1,0,1,1,11,73.1,2.8,9.2,3.7,12.9,99.8,1,1,0,0,1,0,0,1,0,0,0,0,0,0,0,1,628,435,3,0.692675159,0.00477707,0.302547771
Williams,5/20/2016,385,2,0.0052,387,2,0,1,0,1,1,11,73.1,2.8,9.2,3.7,12.9,99.8,0,1,0,1,0,0,0,1,0,0,0,1,0,0,0,0,628,435,3,0.692675159,0.00477707,0.302547771
Williams,5/23/2016,419,6,0.0141,425,2,0,1,0,1,1,11,73.1,2.8,9.2,3.7,12.9,99.8,0,1,0,0,1,0,0,1,0,1,0,0,0,0,0,0,628,435,3,0.692675159,0.00477707,0.302547771
Williams,5/26/2016,451,0,0,451,2,0,1,0,1,1,11,73.1,2.8,9.2,3.7,12.9,99.8,1,1,0,0,0,1,0,1,0,0,0,0,0,0,0,1,628,435,3,0.692675159,0.00477707,0.302547771
